Team,背番号,選手名,打率,試合,打席数,打数,安打,本塁打,打点,盗塁,四球,死球,三振,犠打,併殺打,長打率,出塁率,OPS,RC27,XR27
広,6,梵　英心,.306,144,659,562,172,13,56,43,53,4,80,36,4,.447,.368,.814,5.95,5.77
広,26,廣瀬　純,.309,135,546,482,149,12,57,3,36,16,66,8,9,.463,.374,.836,6.33,6.09
広,2,東出　輝裕,.267,108,492,454,121,1,40,10,26,1,55,10,4,.337,.307,.644,3.59,3.51
広,5,栗原　健太,.295,105,450,386,114,15,65,3,51,7,70,0,10,.469,.382,.851,6.39,6.36
広,31,石原　慶幸,.263,122,408,369,97,8,41,4,29,3,81,6,10,.379,.321,.700,3.95,3.86
広,49,天谷　宗一郎,.245,123,382,335,82,6,35,18,37,6,72,1,3,.343,.328,.671,4.03,4.15
広,55,嶋　重宣,.262,123,377,343,90,14,46,0,25,6,53,0,7,.446,.321,.767,4.88,4.89
広,38,赤松　真人,.285,113,320,291,83,4,33,20,8,3,48,14,4,.388,.307,.696,4.29,4.27
広,4,小窪　哲也,.207,81,244,208,43,1,24,0,21,5,31,6,9,.255,.290,.545,2.12,2.36
広,10,岩本　貴裕,.259,61,220,212,55,14,36,0,6,0,57,1,4,.500,.279,.779,4.55,4.66
広,11,ヒューバー,.220,80,209,177,39,7,17,0,25,7,42,0,6,.379,.340,.718,4.33,4.41
広,25,石井　琢朗,.318,74,165,148,47,0,20,1,11,1,20,5,2,.365,.369,.734,5.05,4.78
広,66,木村　昇吾,.324,70,164,136,44,1,11,6,10,2,33,16,1,.493,.378,.871,5.86,5.48
広,43,フィオ,.246,44,151,126,31,2,15,2,19,3,37,2,3,.325,.356,.681,4.35,4.41
広,40,倉　義和,.281,45,105,89,25,2,13,1,10,2,20,4,4,.382,.366,.748,4.63,4.42
広,1,前田　智徳,.221,68,86,77,17,2,19,0,6,1,19,0,2,.338,.279,.617,2.99,3.28
広,51,末永　真史,.250,21,66,60,15,0,2,3,5,0,20,1,1,.317,.308,.624,3.36,3.30
広,64,會澤　翼,.170,32,56,53,9,1,5,0,2,0,16,1,3,.245,.200,.445,0.51,0.66
広,59,山本　芳彦,.256,39,46,43,11,0,2,0,1,0,15,1,0,.279,.267,.546,2.55,2.76
広,44,迎　祐一郎,.133,23,31,30,4,1,1,0,0,0,9,1,0,.233,.133,.367,0.27,0.57
広,63,丸　佳浩,.158,14,22,19,3,0,1,1,2,0,7,0,0,.158,.227,.385,1.23,1.95
広,35,中東　直己,.000,15,11,9,0,0,1,3,1,0,3,0,0,.000,.091,.091,-0.11,1.13
広,44,喜田　剛,.125,10,10,8,1,0,0,0,2,0,4,0,0,.125,.300,.425,1.62,2.01
広,45,松本　高明,.000,6,8,7,0,0,0,1,1,0,0,0,0,.000,.125,.125,-1.89,-1.45
広,56,中谷　翼,.200,2,5,5,1,0,1,0,0,0,1,0,0,.400,.200,.600,2.72,2.36
広,52,庄司　隼人,NaN,NaN,NaN,NaN,NaN,NaN,NaN,NaN,NaN,NaN,NaN,NaN,NaN,NaN,NaN,NaN,NaN,NaN
広,50,鈴木　将光,NaN,NaN,NaN,NaN,NaN,NaN,NaN,NaN,NaN,NaN,NaN,NaN,NaN,NaN,NaN,NaN,NaN,NaN
広,60,安部　友裕,NaN,NaN,NaN,NaN,NaN,NaN,NaN,NaN,NaN,NaN,NaN,NaN,NaN,NaN,NaN,NaN,NaN,NaN
広,61,山本　翔,NaN,NaN,NaN,NaN,NaN,NaN,NaN,NaN,NaN,NaN,NaN,NaN,NaN,NaN,NaN,NaN,NaN,NaN
広,13,堂林　翔太,NaN,NaN,NaN,NaN,NaN,NaN,NaN,NaN,NaN,NaN,NaN,NaN,NaN,NaN,NaN,NaN,NaN,NaN
広,33,鞘師　智也,NaN,NaN,NaN,NaN,NaN,NaN,NaN,NaN,NaN,NaN,NaN,NaN,NaN,NaN,NaN,NaN,NaN,NaN
広,68,申　成鉉,NaN,NaN,NaN,NaN,NaN,NaN,NaN,NaN,NaN,NaN,NaN,NaN,NaN,NaN,NaN,NaN,NaN,NaN
広,32,白濱　裕太,NaN,NaN,NaN,NaN,NaN,NaN,NaN,NaN,NaN,NaN,NaN,NaN,NaN,NaN,NaN,NaN,NaN,NaN
広,0,井生　崇光,NaN,NaN,NaN,NaN,NaN,NaN,NaN,NaN,NaN,NaN,NaN,NaN,NaN,NaN,NaN,NaN,NaN,NaN
広,37,松山　竜平,NaN,NaN,NaN,NaN,NaN,NaN,NaN,NaN,NaN,NaN,NaN,NaN,NaN,NaN,NaN,NaN,NaN,NaN
広,27,上村　和裕,NaN,NaN,NaN,NaN,NaN,NaN,NaN,NaN,NaN,NaN,NaN,NaN,NaN,NaN,NaN,NaN,NaN,NaN
広,00,田中　彰,NaN,NaN,NaN,NaN,NaN,NaN,NaN,NaN,NaN,NaN,NaN,NaN,NaN,NaN,NaN,NaN,NaN,NaN
巨,6,坂本　勇人,.281,144,676,609,171,31,85,14,47,3,83,10,6,.504,.332,.836,6.03,6.00
巨,5,ラミレス,.304,144,606,566,172,49,129,1,21,12,98,0,14,.613,.338,.951,7.12,7.13
巨,2,小笠原　道大,.308,137,591,510,157,34,90,1,73,3,101,0,9,.559,.394,.953,8.07,7.95
巨,10,阿部　慎之助,.281,140,569,498,140,44,92,0,58,11,91,1,8,.608,.368,.976,7.91,7.78
巨,23,脇谷　亮太,.273,132,459,414,113,7,43,28,35,3,80,6,5,.396,.333,.729,5.03,4.88
巨,7,長野　久義,.288,128,459,430,124,19,52,12,25,2,72,2,10,.491,.330,.821,5.63,5.43
巨,31,松本　哲也,.287,94,350,317,91,0,22,17,17,4,56,12,4,.341,.331,.672,4.21,4.01
巨,24,高橋　由伸,.268,116,332,280,75,13,56,2,44,2,75,0,6,.439,.364,.804,5.85,6.04
巨,38,エドガー,.263,100,327,289,76,12,44,2,34,1,67,2,7,.457,.342,.798,5.29,5.19
巨,9,亀井　義行,.185,71,220,205,38,5,17,4,9,3,38,1,4,.322,.228,.550,2.07,2.25
巨,8,谷　佳知,.239,84,195,176,42,2,10,2,13,1,32,4,4,.307,.293,.600,2.72,2.77
巨,25,李　承ヨプ,.163,56,108,92,15,5,11,1,12,3,26,1,0,.337,.280,.617,3.36,3.67
巨,51,古城　茂幸,.244,67,96,82,20,2,7,2,10,3,17,1,3,.329,.347,.677,3.86,3.90
巨,48,矢野　謙次,.311,42,88,74,23,2,13,0,10,0,11,4,1,.473,.393,.866,6.14,5.90
巨,43,鶴岡　一成,.229,32,43,35,8,0,0,0,3,2,8,3,2,.257,.325,.582,2.37,2.30
巨,0,工藤　隆人,.231,40,30,26,6,0,2,0,0,4,11,0,0,.231,.333,.564,3.20,3.33
巨,12,鈴木　尚広,.280,61,26,25,7,0,4,10,1,0,9,0,1,.280,.308,.588,1.97,2.23
巨,45,小田嶋　正邦,.214,14,15,14,3,0,1,0,1,0,5,0,0,.214,.267,.481,1.85,1.99
巨,00,寺内　崇幸,.000,31,9,8,0,0,0,0,0,0,4,1,0,.000,.000,.000,-2.37,-2.13
巨,61,中井　大介,.000,6,7,6,0,0,0,0,0,1,3,0,0,.000,.143,.143,-1.43,-0.99
巨,55,大田　泰示,.000,2,6,6,0,0,0,0,0,0,1,0,0,.000,.000,.000,-2.74,-2.48
巨,44,大道　典嘉,.000,5,5,5,0,0,0,0,0,0,1,0,0,.000,.000,.000,-2.74,-2.48
巨,50,加治前　竜一,.000,4,4,3,0,0,0,0,0,0,0,1,0,.000,.000,.000,-1.75,-1.55
巨,40,加藤　健,.000,4,3,3,0,0,0,0,0,0,1,0,0,.000,.000,.000,-2.77,-2.52
巨,27,市川　友也,.000,3,2,2,0,0,0,0,0,0,1,0,0,.000,.000,.000,-2.81,-2.57
巨,53,實松　一成,.000,2,2,2,0,0,0,0,0,0,2,0,0,.000,.000,.000,-2.92,-2.70
巨,94,橋本　到,.000,2,1,1,0,0,0,0,0,0,1,0,0,.000,.000,.000,-2.92,-2.70
巨,52,円谷　英俊,.000,1,0,0,0,0,0,0,0,0,0,0,0,.000,.000,.000,0.00,0.00
巨,69,隠善　智也,NaN,NaN,NaN,NaN,NaN,NaN,NaN,NaN,NaN,NaN,NaN,NaN,NaN,NaN,NaN,NaN,NaN,NaN
巨,54,藤村　大介,NaN,NaN,NaN,NaN,NaN,NaN,NaN,NaN,NaN,NaN,NaN,NaN,NaN,NaN,NaN,NaN,NaN,NaN
巨,56,仲澤　広基,NaN,NaN,NaN,NaN,NaN,NaN,NaN,NaN,NaN,NaN,NaN,NaN,NaN,NaN,NaN,NaN,NaN,NaN
巨,64,鬼屋敷　正人,NaN,NaN,NaN,NaN,NaN,NaN,NaN,NaN,NaN,NaN,NaN,NaN,NaN,NaN,NaN,NaN,NaN,NaN
巨,66,田中　大二郎,NaN,NaN,NaN,NaN,NaN,NaN,NaN,NaN,NaN,NaN,NaN,NaN,NaN,NaN,NaN,NaN,NaN,NaN
巨,58,星　孝典,NaN,NaN,NaN,NaN,NaN,NaN,NaN,NaN,NaN,NaN,NaN,NaN,NaN,NaN,NaN,NaN,NaN,NaN
阪,9,マートン,.349,144,668,613,214,17,91,11,47,3,70,0,14,.499,.395,.894,7.32,6.96
阪,1,鳥谷　敬,.301,144,651,575,173,19,104,13,66,3,93,2,14,.475,.373,.848,6.43,6.27
阪,25,新井　貴浩,.311,144,641,570,177,19,112,7,52,11,89,0,19,.484,.374,.859,6.39,6.23
阪,2,城島　健司,.303,144,602,554,168,28,91,9,27,16,53,2,22,.507,.352,.859,5.88,5.76
阪,67,ブラゼル,.296,143,601,564,167,47,117,1,25,6,153,0,14,.573,.329,.902,6.51,6.59
阪,5,平野　恵一,.350,139,593,492,172,1,24,6,34,7,55,59,2,.421,.399,.820,5.93,5.55
阪,6,金本　知憲,.241,144,396,353,85,16,45,1,39,3,90,0,3,.411,.321,.731,4.74,4.82
阪,51,桜井　広大,.255,89,272,243,62,9,30,1,23,4,50,0,5,.403,.327,.730,4.66,4.75
阪,7,藤川　俊介,.255,124,183,161,41,1,10,5,9,0,32,13,2,.373,.294,.667,3.67,3.42
阪,8,浅井　良,.297,85,166,148,44,3,14,4,11,2,42,4,1,.412,.352,.764,5.19,5.01
阪,31,林　威助,.289,69,144,135,39,4,22,1,6,1,24,0,2,.467,.319,.786,5.41,5.30
阪,3,関本　賢太郎,.256,79,98,78,20,3,12,1,15,2,24,3,2,.462,.389,.851,6.31,6.17
阪,24,桧山　進次郎,.254,72,71,67,17,1,12,0,3,1,18,0,0,.373,.296,.669,4.07,3.97
阪,33,葛城　育郎,.207,42,66,58,12,1,3,0,7,0,12,1,3,.293,.292,.585,2.33,2.40
阪,35,坂　克彦,.269,28,59,52,14,2,7,1,2,2,8,1,0,.481,.310,.791,5.23,5.59
阪,66,大和,.273,62,50,44,12,0,4,8,4,0,8,1,1,.318,.327,.645,3.66,3.89
阪,99,狩野　恵輔,.214,32,46,42,9,2,5,0,3,1,9,0,1,.357,.283,.640,3.23,3.37
阪,4,上本　博紀,.333,28,16,15,5,0,2,2,1,0,1,0,1,.400,.375,.775,4.38,3.89
阪,39,矢野　燿大,.222,8,9,9,2,0,1,0,0,0,5,0,0,.222,.222,.444,1.18,1.27
阪,50,高橋　光信,.000,7,7,7,0,0,0,0,0,0,3,0,0,.000,.000,.000,-2.79,-2.51
阪,60,小宮山　慎二,.250,10,5,4,1,0,2,0,1,0,1,0,1,.500,.400,.900,3.22,2.77
阪,45,清水　誉,.250,3,4,4,1,0,0,0,0,0,2,0,0,.250,.250,.500,1.89,1.89
阪,61,田上　健一,.000,2,1,1,0,0,0,0,0,0,0,0,0,.000,.000,.000,-2.70,-2.43
阪,37,野原　将志,NaN,NaN,NaN,NaN,NaN,NaN,NaN,NaN,NaN,NaN,NaN,NaN,NaN,NaN,NaN,NaN,NaN,NaN
阪,52,原口　文仁,NaN,NaN,NaN,NaN,NaN,NaN,NaN,NaN,NaN,NaN,NaN,NaN,NaN,NaN,NaN,NaN,NaN,NaN
阪,38,橋本　良平,NaN,NaN,NaN,NaN,NaN,NaN,NaN,NaN,NaN,NaN,NaN,NaN,NaN,NaN,NaN,NaN,NaN,NaN
阪,44,甲斐　雄平,NaN,NaN,NaN,NaN,NaN,NaN,NaN,NaN,NaN,NaN,NaN,NaN,NaN,NaN,NaN,NaN,NaN,NaN
阪,00,柴田　講平,NaN,NaN,NaN,NaN,NaN,NaN,NaN,NaN,NaN,NaN,NaN,NaN,NaN,NaN,NaN,NaN,NaN,NaN
阪,94,野原　祐也,NaN,NaN,NaN,NaN,NaN,NaN,NaN,NaN,NaN,NaN,NaN,NaN,NaN,NaN,NaN,NaN,NaN,NaN
阪,63,大城　祐二,NaN,NaN,NaN,NaN,NaN,NaN,NaN,NaN,NaN,NaN,NaN,NaN,NaN,NaN,NaN,NaN,NaN,NaN
阪,32,水田　圭介,NaN,NaN,NaN,NaN,NaN,NaN,NaN,NaN,NaN,NaN,NaN,NaN,NaN,NaN,NaN,NaN,NaN,NaN
阪,36,高濱　卓也,NaN,NaN,NaN,NaN,NaN,NaN,NaN,NaN,NaN,NaN,NaN,NaN,NaN,NaN,NaN,NaN,NaN,NaN
阪,0,庄田　隆弘,NaN,NaN,NaN,NaN,NaN,NaN,NaN,NaN,NaN,NaN,NaN,NaN,NaN,NaN,NaN,NaN,NaN,NaN
阪,57,岡崎　太一,NaN,NaN,NaN,NaN,NaN,NaN,NaN,NaN,NaN,NaN,NaN,NaN,NaN,NaN,NaN,NaN,NaN,NaN
中,30,森野　将彦,.327,144,626,547,179,22,84,2,64,6,77,2,16,.537,.399,.937,7.58,7.30
中,2,荒木　雅博,.294,136,625,579,170,3,39,20,38,2,73,5,8,.377,.339,.715,4.70,4.49
中,5,和田　一浩,.339,144,602,505,171,37,93,5,92,0,77,0,12,.624,.437,1.061,10.05,9.69
中,42,ブランコ,.264,134,561,493,130,32,86,0,57,9,158,0,13,.501,.349,.850,5.99,5.99
中,32,大島　洋平,.258,104,374,314,81,0,17,8,29,2,52,27,2,.315,.323,.638,3.58,3.55
中,27,谷繁　元信,.244,110,367,308,75,7,32,0,42,5,81,11,5,.360,.343,.703,4.34,4.30
中,1,堂上　直倫,.263,82,301,259,68,5,30,0,25,2,35,14,11,.375,.331,.706,3.85,3.74
中,9,野本　圭,.218,118,277,238,52,4,27,0,26,1,53,9,3,.315,.295,.610,3.08,3.24
中,6,井端　弘和,.261,53,212,180,47,0,16,0,21,3,28,6,13,.294,.345,.639,2.94,2.96
中,7,セサル,.215,51,194,186,40,1,10,2,7,0,45,1,8,.269,.244,.512,1.23,1.28
中,4,藤井　淳志,.235,63,184,166,39,1,8,3,7,1,38,9,1,.325,.269,.594,2.89,2.90
中,24,英智,.220,68,147,127,28,1,9,8,6,3,20,10,3,.283,.270,.554,2.60,2.68
中,63,堂上　剛裕,.247,58,104,97,24,2,17,0,4,0,18,2,2,.361,.275,.635,3.18,3.20
中,44,小池　正晃,.202,54,99,84,17,1,5,0,5,4,20,6,2,.286,.280,.565,2.21,2.23
中,52,小田　幸平,.274,37,95,84,23,0,11,0,6,1,14,2,1,.369,.323,.692,4.31,4.14
中,46,岩崎　達郎,.183,78,85,60,11,1,4,3,8,0,13,17,0,.267,.279,.546,2.16,2.25
中,65,小山　桂司,.215,35,76,65,14,0,4,0,5,0,20,3,3,.262,.260,.522,1.71,2.13
中,25,新井　良太,.153,45,60,59,9,1,2,1,1,0,14,0,2,.203,.167,.370,0.09,0.32
中,56,松井　佑介,.291,35,56,55,16,0,3,0,1,0,15,0,1,.327,.304,.631,3.41,3.23
中,31,中川　裕貴,.190,13,21,21,4,1,2,0,0,0,5,0,0,.381,.190,.571,2.37,2.53
中,47,松井　雅人,.071,13,15,14,1,0,0,0,1,0,8,0,0,.071,.133,.205,-1.13,-0.81
中,55,福田　永将,.167,15,13,12,2,0,0,0,0,1,6,0,0,.167,.231,.397,0.83,1.05
中,8,平田　良介,.083,6,12,12,1,0,0,0,0,0,4,0,0,.083,.083,.167,-1.53,-1.28
中,50,中田　亮二,.111,9,9,9,1,0,0,0,0,0,1,0,0,.111,.111,.222,-1.00,-0.78
中,37,岩崎　恭平,.000,4,6,4,0,0,0,0,1,0,2,1,0,.000,.200,.200,-0.32,0.00
中,40,西川　明,.250,3,5,4,1,0,0,0,1,0,2,0,0,.250,.400,.650,4.86,4.95
中,36,谷　哲也,.000,3,5,5,0,0,0,0,0,0,1,0,1,.000,.000,.000,-3.78,-3.74
中,00,前田　章宏,.250,9,4,4,1,0,0,0,0,0,1,0,0,.500,.250,.750,4.62,3.96
中,51,中村　一生,.000,7,4,4,0,0,0,1,0,0,3,0,0,.000,.000,.000,-1.71,-1.35
中,53,柳田　殖生,.000,2,2,2,0,0,0,0,0,0,0,0,0,.000,.000,.000,-2.70,-2.43
中,39,清水　将海,.000,1,1,1,0,0,0,0,0,0,0,0,0,.000,.000,.000,-2.70,-2.43
中,22,田中　大輔,NaN,NaN,NaN,NaN,NaN,NaN,NaN,NaN,NaN,NaN,NaN,NaN,NaN,NaN,NaN,NaN,NaN,NaN
中,48,澤井　道久,NaN,NaN,NaN,NaN,NaN,NaN,NaN,NaN,NaN,NaN,NaN,NaN,NaN,NaN,NaN,NaN,NaN,NaN
中,62,井藤　真吾,NaN,NaN,NaN,NaN,NaN,NaN,NaN,NaN,NaN,NaN,NaN,NaN,NaN,NaN,NaN,NaN,NaN,NaN
中,57,吉田　利一,NaN,NaN,NaN,NaN,NaN,NaN,NaN,NaN,NaN,NaN,NaN,NaN,NaN,NaN,NaN,NaN,NaN,NaN
横,2,内川　聖一,.315,144,637,577,182,9,66,1,47,6,51,3,17,.438,.371,.809,5.79,5.54
横,25,村田　修一,.257,144,617,565,145,26,88,0,45,4,124,0,19,.448,.314,.762,4.60,4.59
横,7,石川　雄洋,.294,131,584,521,153,0,18,36,21,3,91,38,6,.361,.324,.685,4.06,3.87
横,3,スレッジ,.252,129,533,469,118,28,78,0,60,4,136,0,10,.488,.341,.830,5.77,5.73
横,51,カスティーヨ,.273,131,496,466,127,19,55,3,22,4,71,1,16,.446,.309,.755,4.43,4.39
横,50,下園　辰哉,.286,131,461,402,115,3,28,1,49,2,82,6,8,.376,.365,.740,5.06,4.89
横,61,武山　真吾,.187,95,298,257,48,1,22,0,20,1,56,16,5,.245,.246,.492,1.62,1.68
横,42,ハーパー,.316,64,261,225,71,19,56,0,28,4,58,0,7,.596,.395,.990,8.15,8.20
横,23,藤田　一也,.308,106,220,201,62,1,15,2,6,2,33,11,2,.363,.335,.698,4.27,4.04
横,1,金城　龍彦,.208,96,149,130,27,1,10,0,15,0,17,4,3,.285,.290,.574,2.62,2.61
横,10,橋本　将,.246,43,148,134,33,2,13,0,13,1,40,0,3,.328,.318,.646,3.58,3.47
横,31,吉村　裕基,.205,49,141,132,27,3,11,0,5,0,41,1,5,.303,.229,.532,1.47,1.81
横,12,井手　正太郎,.202,49,114,104,21,1,5,1,7,0,22,3,4,.308,.252,.560,1.93,1.91
横,37,早川　大輔,.190,31,100,79,15,1,6,6,11,1,14,9,0,.241,.297,.537,2.61,2.76
横,6,松本　啓二朗,.295,34,54,44,13,2,6,1,7,0,10,3,0,.455,.392,.847,5.86,5.83
横,33,大西　宏明,.302,36,52,43,13,0,2,0,8,0,14,1,2,.326,.412,.737,5.00,4.85
横,29,新沼　慎二,.265,27,52,49,13,0,3,0,2,0,7,1,2,.286,.294,.580,2.43,2.35
横,0,山崎　憲晴,.171,49,36,35,6,0,2,0,1,0,9,0,0,.229,.194,.423,0.97,1.02
横,39,内藤　雄太,.125,32,35,32,4,0,2,0,1,0,12,2,2,.125,.152,.277,-0.95,-0.79
横,36,細山田　武史,.094,19,33,32,3,0,1,1,1,0,6,0,0,.125,.121,.246,-0.60,-0.47
横,59,黒羽根　利規,.185,17,28,27,5,0,2,0,0,0,4,1,0,.222,.185,.407,0.83,0.88
横,32,稲田　直人,.286,22,24,21,6,0,1,0,2,0,3,1,0,.333,.348,.681,4.53,4.19
横,43,北　篤,.214,8,14,14,3,0,0,0,0,0,6,0,0,.214,.214,.429,1.03,1.13
横,26,佐伯　貴弘,.111,10,10,9,1,0,0,0,1,0,0,0,0,.111,.200,.311,0.10,0.41
横,55,筒香　嘉智,.143,3,10,7,1,1,1,0,2,1,1,0,0,.571,.400,.971,8.15,8.60
横,00,森笠　繁,.125,4,8,8,1,0,0,0,0,0,0,0,0,.125,.125,.250,-0.72,-0.50
横,53,野中　信吾,.000,36,7,5,0,0,0,7,2,0,1,0,0,.000,.286,.286,2.41,3.24
横,9,下窪　陽介,.200,3,6,5,1,0,1,0,1,0,1,0,0,.200,.333,.533,2.97,3.17
横,40,桑原　義行,.200,5,5,5,1,0,0,0,0,0,4,0,0,.200,.200,.400,0.59,0.74
横,63,梶谷　隆幸,.000,5,4,4,0,0,0,0,0,0,3,0,0,.000,.000,.000,-4.08,-3.78
横,5,野口　寿浩,.000,2,2,2,0,0,0,0,0,0,1,0,0,.000,.000,.000,-2.81,-2.57
横,62,高森　勇気,NaN,NaN,NaN,NaN,NaN,NaN,NaN,NaN,NaN,NaN,NaN,NaN,NaN,NaN,NaN,NaN,NaN,NaN
横,4,北川　隼行,NaN,NaN,NaN,NaN,NaN,NaN,NaN,NaN,NaN,NaN,NaN,NaN,NaN,NaN,NaN,NaN,NaN,NaN
横,67,坂本　大空也,NaN,NaN,NaN,NaN,NaN,NaN,NaN,NaN,NaN,NaN,NaN,NaN,NaN,NaN,NaN,NaN,NaN,NaN
ヤ,1,青木　宣親,.358,144,667,583,209,14,63,19,63,18,61,0,10,.509,.435,.944,8.87,8.30
ヤ,7,田中　浩康,.300,140,637,516,155,4,54,4,67,6,48,45,15,.362,.385,.748,4.82,4.69
ヤ,6,宮本　慎也,.276,129,517,468,129,4,39,2,27,3,31,18,10,.357,.319,.675,3.83,3.69
ヤ,9,飯原　誉士,.270,130,492,430,116,15,48,8,36,19,74,5,10,.435,.351,.786,5.13,5.10
ヤ,2,相川　亮二,.293,120,474,427,125,11,65,2,30,4,70,6,8,.419,.340,.759,5.14,5.13
ヤ,4,デントナ,.245,99,333,294,72,15,50,0,32,1,99,0,9,.456,.315,.771,4.71,4.92
ヤ,5,ガイエル,.199,81,309,251,50,16,41,0,42,16,70,0,3,.418,.350,.768,5.07,5.28
ヤ,33,畠山　和洋,.300,93,280,243,73,14,57,0,28,5,38,1,7,.551,.380,.931,7.30,7.16
ヤ,53,ホワイトセル,.309,68,268,230,71,15,53,0,32,4,71,0,4,.591,.399,.991,8.54,8.32
ヤ,3,福地　寿樹,.246,98,225,203,50,1,11,23,10,8,46,4,2,.315,.308,.623,3.84,3.78
ヤ,36,川端　慎吾,.298,59,214,188,56,1,21,0,16,1,21,6,7,.388,.351,.739,4.59,4.44
ヤ,10,藤本　敦士,.230,65,209,187,43,2,18,1,11,2,27,6,2,.321,.276,.597,2.99,3.12
ヤ,8,武内　晋一,.268,109,162,142,38,6,22,0,16,4,38,0,1,.458,.358,.816,6.15,5.97
ヤ,46,鬼崎　裕司,.195,60,96,87,17,1,5,0,5,0,25,3,0,.264,.239,.503,1.76,1.86
ヤ,28,川本　良平,.190,42,88,79,15,2,9,1,6,1,18,0,2,.304,.250,.554,2.10,2.50
ヤ,68,森岡　良介,.256,21,56,43,11,0,5,0,4,1,8,8,0,.326,.333,.659,3.71,3.54
ヤ,50,上田　剛史,.214,39,47,42,9,0,2,0,1,2,10,2,0,.286,.267,.552,2.54,2.48
ヤ,31,松元　ユウイチ,.220,35,45,41,9,1,6,0,1,2,4,1,4,.341,.273,.614,1.84,1.86
ヤ,40,吉本　亮,.214,22,31,28,6,0,2,0,1,0,7,1,0,.321,.233,.555,2.46,2.67
ヤ,55,野口　祥順,.087,31,29,23,2,0,0,5,3,0,8,3,1,.087,.192,.279,0.14,0.42
ヤ,38,衣川　篤史,.227,13,24,22,5,1,5,0,2,0,3,0,2,.545,.292,.837,4.08,3.99
ヤ,24,荒木　貴裕,.100,18,21,20,2,0,0,0,0,0,9,1,0,.100,.100,.200,-1.15,-0.92
ヤ,37,福川　将和,.231,15,17,13,3,0,2,0,2,2,6,0,0,.231,.412,.643,4.97,5.16
ヤ,60,三輪　正義,.188,10,16,16,3,0,0,1,0,0,0,0,0,.188,.188,.375,0.17,0.37
ヤ,32,新田　玄気,.333,6,6,6,2,0,0,0,0,0,1,0,0,.500,.333,.833,6.54,5.74
ヤ,52,中村　悠平,.333,3,6,6,2,0,1,0,0,0,4,0,0,.500,.333,.833,6.35,5.60
ヤ,0,志田　宗大,.000,1,1,1,0,0,0,0,0,0,0,0,0,.000,.000,.000,-2.70,-2.43
ヤ,59,水野　祐希,NaN,NaN,NaN,NaN,NaN,NaN,NaN,NaN,NaN,NaN,NaN,NaN,NaN,NaN,NaN,NaN,NaN,NaN
ヤ,39,梶本　勇介,NaN,NaN,NaN,NaN,NaN,NaN,NaN,NaN,NaN,NaN,NaN,NaN,NaN,NaN,NaN,NaN,NaN,NaN
ヤ,00,川島　慶三,NaN,NaN,NaN,NaN,NaN,NaN,NaN,NaN,NaN,NaN,NaN,NaN,NaN,NaN,NaN,NaN,NaN,NaN
ヤ,56,中尾　敏浩,NaN,NaN,NaN,NaN,NaN,NaN,NaN,NaN,NaN,NaN,NaN,NaN,NaN,NaN,NaN,NaN,NaN,NaN
ヤ,57,松井　淳,NaN,NaN,NaN,NaN,NaN,NaN,NaN,NaN,NaN,NaN,NaN,NaN,NaN,NaN,NaN,NaN,NaN,NaN
ヤ,51,米野　智人,NaN,NaN,NaN,NaN,NaN,NaN,NaN,NaN,NaN,NaN,NaN,NaN,NaN,NaN,NaN,NaN,NaN,NaN
ヤ,41,高井　雄平,NaN,NaN,NaN,NaN,NaN,NaN,NaN,NaN,NaN,NaN,NaN,NaN,NaN,NaN,NaN,NaN,NaN,NaN
ソ,52,川崎　宗則,.316,144,662,602,190,4,53,30,43,7,86,10,6,.397,.368,.765,5.62,5.33
ソ,46,本多　雄一,.296,144,651,564,167,3,39,59,29,5,81,50,8,.385,.334,.719,4.39,4.25
ソ,6,多村　仁志,.324,140,559,513,166,27,89,2,33,10,93,0,11,.550,.374,.924,7.37,7.10
ソ,30,長谷川　勇也,.255,134,519,443,113,3,32,14,51,12,97,10,8,.314,.346,.660,4.11,4.09
ソ,9,小久保　裕紀,.279,112,469,427,119,15,68,1,34,4,69,1,4,.436,.335,.771,5.34,5.29
ソ,5,松田　宣浩,.255,113,458,424,108,19,71,17,14,6,90,8,7,.450,.284,.735,4.45,4.56
ソ,49,オーティズ,.270,117,457,415,112,24,81,1,31,7,91,1,8,.489,.329,.818,5.64,5.65
ソ,16,ペタジーニ,.261,81,307,264,69,10,41,0,39,0,72,0,12,.420,.352,.772,4.84,4.93
ソ,3,松中　信彦,.235,79,267,238,56,11,35,3,24,3,44,0,4,.403,.311,.714,4.45,4.62
ソ,70,田上　秀則,.203,84,255,232,47,7,25,0,10,1,61,11,6,.341,.238,.578,2.24,2.35
ソ,62,山崎　勝己,.210,77,236,205,43,2,18,0,11,2,71,16,2,.283,.256,.539,2.15,2.20
ソ,1,柴原　洋,.216,69,146,134,29,4,20,1,8,0,22,4,6,.366,.261,.626,2.62,2.64
ソ,8,李　ボム浩,.226,48,139,124,28,4,8,1,11,1,33,3,2,.355,.294,.649,3.51,3.58
ソ,32,森本　学,.229,71,119,105,24,1,12,2,9,1,19,3,0,.276,.293,.569,2.79,2.96
ソ,36,明石　健志,.128,39,51,47,6,0,0,2,2,0,12,2,1,.170,.163,.333,-0.10,0.05
ソ,43,江川　智晃,.250,20,47,44,11,0,8,0,1,0,18,1,0,.432,.261,.693,3.57,3.51
ソ,23,城所　龍磨,.200,95,43,35,7,0,4,12,4,0,17,3,0,.343,.275,.618,3.29,3.65
ソ,37,福田　秀平,.261,44,29,23,6,0,3,3,2,0,8,4,0,.348,.320,.668,4.41,4.15
ソ,12,高谷　裕亮,.111,23,22,18,2,0,1,0,3,0,6,1,1,.167,.238,.405,0.48,0.63
ソ,0,仲澤　忠厚,.111,12,9,9,1,0,1,0,0,0,2,0,0,.111,.111,.222,-1.03,-0.81
ソ,42,堂上　隼人,.286,7,8,7,2,0,0,0,0,0,2,1,1,.286,.286,.571,0.87,0.77
ソ,35,村松　有人,.000,1,1,1,0,0,1,0,0,0,0,0,0,.000,.000,.000,-2.70,-2.43
ソ,7,立岡　宗一郎,.000,1,0,0,0,0,0,0,0,0,0,0,0,.000,.000,.000,0.00,0.00
ソ,4,清水　将海,.000,1,0,0,0,0,0,0,0,0,0,0,0,.000,.000,.000,0.00,0.00
ソ,2,今宮　健太,NaN,NaN,NaN,NaN,NaN,NaN,NaN,NaN,NaN,NaN,NaN,NaN,NaN,NaN,NaN,NaN,NaN,NaN
ソ,69,井手　正太郎,NaN,NaN,NaN,NaN,NaN,NaN,NaN,NaN,NaN,NaN,NaN,NaN,NaN,NaN,NaN,NaN,NaN,NaN
ソ,45,李　杜軒,NaN,NaN,NaN,NaN,NaN,NaN,NaN,NaN,NaN,NaN,NaN,NaN,NaN,NaN,NaN,NaN,NaN,NaN
ソ,10,中原　恵司,NaN,NaN,NaN,NaN,NaN,NaN,NaN,NaN,NaN,NaN,NaN,NaN,NaN,NaN,NaN,NaN,NaN,NaN
ソ,67,吉川　元浩,NaN,NaN,NaN,NaN,NaN,NaN,NaN,NaN,NaN,NaN,NaN,NaN,NaN,NaN,NaN,NaN,NaN,NaN
ソ,60,中村　晃,NaN,NaN,NaN,NaN,NaN,NaN,NaN,NaN,NaN,NaN,NaN,NaN,NaN,NaN,NaN,NaN,NaN,NaN
ソ,51,荒金　久雄,NaN,NaN,NaN,NaN,NaN,NaN,NaN,NaN,NaN,NaN,NaN,NaN,NaN,NaN,NaN,NaN,NaN,NaN
ソ,55,小斉　祐輔,NaN,NaN,NaN,NaN,NaN,NaN,NaN,NaN,NaN,NaN,NaN,NaN,NaN,NaN,NaN,NaN,NaN,NaN
ソ,27,中西　健太,NaN,NaN,NaN,NaN,NaN,NaN,NaN,NaN,NaN,NaN,NaN,NaN,NaN,NaN,NaN,NaN,NaN,NaN
ソ,68,豊福　晃司,NaN,NaN,NaN,NaN,NaN,NaN,NaN,NaN,NaN,NaN,NaN,NaN,NaN,NaN,NaN,NaN,NaN,NaN
ソ,58,辻　武史,NaN,NaN,NaN,NaN,NaN,NaN,NaN,NaN,NaN,NaN,NaN,NaN,NaN,NaN,NaN,NaN,NaN,NaN
ソ,53,金子　圭輔,NaN,NaN,NaN,NaN,NaN,NaN,NaN,NaN,NaN,NaN,NaN,NaN,NaN,NaN,NaN,NaN,NaN,NaN
ソ,22,荒川　雄太,NaN,NaN,NaN,NaN,NaN,NaN,NaN,NaN,NaN,NaN,NaN,NaN,NaN,NaN,NaN,NaN,NaN,NaN
日,3,田中　賢介,.335,143,662,576,193,5,54,34,72,2,66,7,6,.417,.408,.824,6.94,6.65
日,5,小谷野　栄一,.311,144,614,569,177,16,109,8,29,3,87,6,17,.467,.344,.811,5.52,5.36
日,41,稲葉　篤紀,.287,137,591,530,152,16,79,3,43,12,86,1,5,.460,.351,.811,6.09,5.94
日,26,糸井　嘉男,.309,138,583,488,151,15,64,26,71,10,94,13,7,.482,.407,.889,7.34,7.02
日,1,森本　稀哲,.272,115,505,408,111,2,30,10,36,5,71,55,12,.328,.338,.666,3.53,3.45
日,23,二岡　智宏,.262,103,355,328,86,7,47,0,18,1,59,5,8,.372,.300,.672,3.69,3.71
日,8,金子　誠,.261,77,291,264,69,5,34,2,12,0,60,15,7,.356,.293,.650,3.16,3.10
日,64,鶴岡　慎也,.236,105,284,254,60,3,26,0,4,1,32,22,6,.319,.248,.567,2.24,2.29
日,24,陽　岱鋼,.245,109,281,253,62,2,31,8,12,4,70,10,4,.340,.288,.628,3.33,3.32
日,2,高橋　信二,.242,70,272,244,59,3,31,0,23,5,34,0,4,.303,.320,.623,3.51,3.52
日,6,中田　翔,.233,65,230,210,49,9,22,0,15,3,61,0,8,.395,.291,.687,3.52,3.71
日,28,大野　奨太,.230,87,216,183,42,4,16,1,19,1,36,13,5,.339,.305,.644,3.26,3.26
日,4,飯山　裕志,.219,72,160,137,30,1,12,2,5,0,40,15,2,.241,.241,.482,1.55,1.84
日,7,坪井　智哉,.234,36,86,77,18,0,9,1,4,3,19,2,0,.299,.298,.596,3.32,3.27
日,58,高口　隆行,.174,84,76,69,12,2,5,0,2,0,19,5,2,.304,.197,.502,1.31,1.43
日,52,紺田　敏正,.258,55,76,66,17,1,5,6,7,0,18,2,1,.364,.324,.688,4.19,4.26
日,45,今浪　隆博,.244,29,50,45,11,0,3,0,3,0,11,2,1,.267,.292,.558,2.43,2.41
日,65,鵜久森　淳志,.278,23,40,36,10,0,2,0,2,2,15,0,0,.333,.350,.683,4.69,4.61
日,51,村田　和哉,.207,19,37,29,6,0,2,0,3,0,4,3,1,.207,.265,.472,1.18,1.88
日,39,加藤　政義,.136,11,22,22,3,0,1,1,0,0,10,0,0,.182,.136,.318,0.03,0.16
日,69,佐藤　賢治,.111,9,18,18,2,0,1,0,0,0,6,0,0,.111,.111,.222,-1.06,-0.83
日,53,尾崎　匡哉,.214,9,15,14,3,0,0,0,1,0,3,0,2,.357,.267,.624,1.29,1.10
日,57,関口　雄大,.000,3,3,3,0,0,0,0,0,0,1,0,0,.000,.000,.000,-2.77,-2.52
日,32,中嶋　聡,.000,7,1,1,0,0,0,0,0,0,1,0,0,.000,.000,.000,-2.92,-2.70
日,40,岩舘　学,.000,2,1,1,0,0,0,0,0,0,1,0,0,.000,.000,.000,-2.92,-2.70
日,63,渡部　龍一,1.000,1,1,1,1,0,0,0,0,0,0,0,0,1.000,1.000,2.000,∞,∞
日,62,今成　亮太,1.000,1,1,1,1,0,0,0,0,0,0,0,0,2.000,1.000,3.000,∞,∞
日,56,中島　卓也,NaN,NaN,NaN,NaN,NaN,NaN,NaN,NaN,NaN,NaN,NaN,NaN,NaN,NaN,NaN,NaN,NaN,NaN
日,61,杉谷　拳士,NaN,NaN,NaN,NaN,NaN,NaN,NaN,NaN,NaN,NaN,NaN,NaN,NaN,NaN,NaN,NaN,NaN,NaN
日,60,荒張　裕司,NaN,NaN,NaN,NaN,NaN,NaN,NaN,NaN,NaN,NaN,NaN,NaN,NaN,NaN,NaN,NaN,NaN,NaN
日,54,大平　成一,NaN,NaN,NaN,NaN,NaN,NaN,NaN,NaN,NaN,NaN,NaN,NaN,NaN,NaN,NaN,NaN,NaN,NaN
日,50,市川　卓,NaN,NaN,NaN,NaN,NaN,NaN,NaN,NaN,NaN,NaN,NaN,NaN,NaN,NaN,NaN,NaN,NaN,NaN
マ,7,西岡　剛,.346,144,692,596,206,11,59,22,79,4,96,8,8,.482,.423,.904,7.81,7.46
マ,6,井口　資仁,.294,143,650,531,156,17,103,2,98,14,114,0,13,.476,.412,.889,7.34,7.18
マ,52,金　泰均,.268,141,614,527,141,21,92,0,74,4,140,0,24,.429,.357,.786,5.04,5.16
マ,10,大松　尚逸,.260,142,603,534,139,16,68,0,56,9,99,1,16,.403,.339,.741,4.58,4.56
マ,8,今江　敏晃,.331,140,596,531,176,10,77,8,22,8,66,30,10,.461,.364,.825,5.88,5.60
マ,3,サブロー,.261,125,513,452,118,19,71,2,56,2,118,2,14,.429,.344,.774,5.00,5.01
マ,9,福浦　和也,.295,116,359,322,95,13,61,0,28,3,47,3,8,.475,.354,.829,5.92,5.79
マ,22,里崎　智也,.263,78,295,247,65,10,29,1,40,5,91,2,8,.425,.375,.801,5.59,5.58
マ,1,清田　育宏,.290,64,223,186,54,2,18,5,19,6,51,11,3,.382,.373,.754,5.24,5.07
マ,4,荻野　貴司,.326,46,217,175,57,1,17,25,16,2,24,21,2,.417,.383,.800,6.17,5.96
マ,67,的場　直樹,.160,74,209,188,30,1,19,0,13,0,61,6,6,.213,.212,.425,0.71,0.95
マ,66,岡田　幸文,.176,72,161,142,25,0,8,15,8,1,15,9,2,.190,.224,.414,1.01,1.22
マ,65,南　竜介,.205,57,95,83,17,1,4,3,9,2,23,1,2,.265,.298,.563,2.77,2.87
マ,25,竹原　直隆,.139,40,79,72,10,1,7,1,7,0,17,0,3,.222,.215,.437,0.79,0.97
マ,32,根元　俊一,.196,53,61,51,10,1,6,0,5,1,19,4,1,.294,.281,.575,2.48,2.57
マ,55,神戸　拓光,.209,26,48,43,9,1,7,0,3,1,13,0,0,.302,.271,.573,2.89,3.19
マ,2,今岡　誠,.227,26,45,44,10,0,6,0,1,0,3,0,4,.273,.244,.517,0.92,0.87
マ,43,斉藤　俊雄,.185,21,31,27,5,0,0,0,1,0,11,3,1,.222,.214,.437,0.73,0.77
マ,68,早坂　圭介,.250,16,29,24,6,0,3,3,1,1,3,3,1,.250,.308,.558,2.32,2.36
マ,16,塀内　久雄,.182,51,28,22,4,0,2,0,1,0,8,5,0,.182,.217,.399,0.91,1.01
マ,99,ムニス,.136,14,24,22,3,0,1,1,1,0,5,0,1,.182,.167,.348,0.10,0.63
マ,61,角中　勝也,.000,13,23,18,0,0,0,0,4,0,6,1,0,.000,.182,.182,-0.81,-0.38
マ,59,細谷　圭,.273,6,22,22,6,0,3,0,0,0,7,0,0,.318,.273,.591,3.07,2.90
マ,58,青野　毅,.111,14,20,18,2,1,1,0,2,0,6,0,1,.278,.200,.478,0.81,1.21
マ,40,渡辺　正人,.167,9,8,6,1,0,0,0,1,0,3,1,0,.333,.286,.619,2.98,2.84
マ,62,金澤　岳,.571,6,7,7,4,0,1,0,0,0,3,0,0,.571,.571,1.143,17.32,15.39
マ,39,田中　雅彦,.000,11,6,6,0,0,0,0,0,0,4,0,1,.000,.000,.000,-3.71,-3.63
マ,5,堀　幸一,NaN,NaN,NaN,NaN,NaN,NaN,NaN,NaN,NaN,NaN,NaN,NaN,NaN,NaN,NaN,NaN,NaN,NaN
マ,50,翔太,NaN,NaN,NaN,NaN,NaN,NaN,NaN,NaN,NaN,NaN,NaN,NaN,NaN,NaN,NaN,NaN,NaN,NaN
マ,64,宮本　裕司,NaN,NaN,NaN,NaN,NaN,NaN,NaN,NaN,NaN,NaN,NaN,NaN,NaN,NaN,NaN,NaN,NaN,NaN
マ,23,大塚　明,NaN,NaN,NaN,NaN,NaN,NaN,NaN,NaN,NaN,NaN,NaN,NaN,NaN,NaN,NaN,NaN,NaN,NaN
マ,70,定岡　卓摩,NaN,NaN,NaN,NaN,NaN,NaN,NaN,NaN,NaN,NaN,NaN,NaN,NaN,NaN,NaN,NaN,NaN,NaN
マ,63,青松　敬鎔,NaN,NaN,NaN,NaN,NaN,NaN,NaN,NaN,NaN,NaN,NaN,NaN,NaN,NaN,NaN,NaN,NaN,NaN
マ,57,佐藤　賢治,NaN,NaN,NaN,NaN,NaN,NaN,NaN,NaN,NaN,NaN,NaN,NaN,NaN,NaN,NaN,NaN,NaN,NaN
西,1,栗山　巧,.310,144,660,554,172,4,74,14,80,5,69,18,7,.403,.400,.803,6.29,6.02
西,7,片岡　易之,.295,137,643,576,170,13,54,59,43,5,72,14,9,.434,.347,.781,5.69,5.56
西,3,中島　裕之,.314,130,579,503,158,20,93,15,52,13,97,0,20,.511,.385,.896,6.76,6.70
西,42,ブラウン,.241,118,479,424,102,21,76,2,49,2,101,0,11,.436,.319,.756,4.59,4.71
西,44,高山　久,.291,116,423,382,111,11,48,4,25,8,100,5,3,.448,.344,.792,5.67,5.54
西,60,中村　剛也,.234,85,354,304,71,25,57,1,44,3,111,0,7,.539,.333,.873,6.04,6.17
西,27,細川　亨,.191,112,341,293,56,8,33,1,20,5,84,23,4,.321,.255,.576,2.40,2.50
西,5,石井　義人,.293,98,261,222,65,6,22,0,31,1,35,2,5,.410,.375,.784,5.71,5.77
西,52,フェルナンデス,.339,57,243,221,75,11,45,1,17,2,26,0,8,.538,.387,.925,7.35,7.17
西,49,上本　達之,.264,91,232,212,56,4,25,2,14,3,54,3,7,.358,.319,.677,3.77,3.70
西,43,原　拓也,.225,103,209,169,38,2,17,0,22,5,37,12,2,.314,.330,.644,3.67,3.73
西,10,佐藤　友亮,.249,98,199,173,43,2,16,5,12,2,26,10,3,.324,.302,.625,2.98,3.10
西,46,Ｇ．Ｇ．佐藤,.204,53,179,162,33,6,19,1,12,1,52,0,1,.340,.257,.596,2.86,3.28
西,9,阿部　真宏,.256,64,157,125,32,1,10,0,21,2,14,9,5,.344,.372,.716,4.31,4.18
西,8,平尾　博嗣,.330,57,126,109,36,3,17,2,13,0,24,3,4,.477,.398,.875,6.52,6.31
西,51,大島　裕行,.261,51,121,115,30,2,11,0,2,0,26,2,3,.348,.269,.617,2.89,3.02
西,31,坂田　遼,.209,39,114,91,19,8,18,0,15,6,37,2,2,.516,.357,.874,6.10,6.25
西,0,大崎　雄太朗,.242,28,67,62,15,1,4,0,2,2,12,1,0,.387,.288,.675,4.02,3.84
西,32,浅村　栄斗,.262,30,55,42,11,2,9,2,8,3,8,1,2,.476,.407,.884,6.81,6.99
西,6,後藤　武敏,.138,16,33,29,4,0,1,0,3,1,9,0,1,.138,.242,.380,0.43,0.70
西,33,星　秀和,.261,33,27,23,6,0,1,1,2,0,5,2,0,.304,.320,.624,3.81,3.68
西,56,黒瀬　春樹,.278,8,19,18,5,0,0,0,0,0,3,1,1,.389,.278,.667,2.86,2.56
西,22,野田　浩輔,.250,5,8,8,2,0,0,0,0,0,3,0,0,.500,.250,.750,4.58,3.96
西,65,斉藤　彰吾,.000,10,7,6,0,0,0,1,0,0,5,1,0,.000,.000,.000,-1.65,-1.39
西,63,吉見　太一,.000,6,5,4,0,0,0,0,0,1,0,0,1,.000,.200,.200,-2.33,-2.11
西,39,岳野　竜也,.000,2,2,2,0,0,0,0,0,0,0,0,1,.000,.000,.000,-4.80,-4.95
西,2,銀仁朗,.000,1,1,1,0,0,0,0,0,0,0,0,0,.000,.000,.000,-2.70,-2.43
西,64,中田　祥多,NaN,NaN,NaN,NaN,NaN,NaN,NaN,NaN,NaN,NaN,NaN,NaN,NaN,NaN,NaN,NaN,NaN,NaN
西,53,石川　貢,NaN,NaN,NaN,NaN,NaN,NaN,NaN,NaN,NaN,NaN,NaN,NaN,NaN,NaN,NaN,NaN,NaN,NaN
西,61,田沢　由哉,NaN,NaN,NaN,NaN,NaN,NaN,NaN,NaN,NaN,NaN,NaN,NaN,NaN,NaN,NaN,NaN,NaN,NaN
西,4,美沢　将,NaN,NaN,NaN,NaN,NaN,NaN,NaN,NaN,NaN,NaN,NaN,NaN,NaN,NaN,NaN,NaN,NaN,NaN
西,67,梅田　尚通,NaN,NaN,NaN,NaN,NaN,NaN,NaN,NaN,NaN,NaN,NaN,NaN,NaN,NaN,NaN,NaN,NaN,NaN
西,36,米野　智人,NaN,NaN,NaN,NaN,NaN,NaN,NaN,NaN,NaN,NaN,NaN,NaN,NaN,NaN,NaN,NaN,NaN,NaN
西,58,松坂　健太,NaN,NaN,NaN,NaN,NaN,NaN,NaN,NaN,NaN,NaN,NaN,NaN,NaN,NaN,NaN,NaN,NaN,NaN
楽,7,山崎　武司,.239,141,598,540,129,28,93,1,45,7,147,0,10,.446,.303,.749,4.61,4.76
楽,23,聖澤　諒,.290,135,577,517,150,6,43,24,32,3,96,24,4,.389,.335,.723,4.80,4.61
楽,46,鉄平,.318,127,555,481,153,9,64,13,53,9,57,5,3,.464,.391,.855,7.02,6.82
楽,99,中村　紀洋,.266,129,521,473,126,13,64,0,44,1,84,1,18,.397,.329,.726,4.25,4.19
楽,37,嶋　基宏,.315,127,485,422,133,3,43,9,45,0,90,17,15,.377,.380,.757,4.93,4.71
楽,2,渡辺　直人,.265,115,425,355,94,0,26,12,39,10,43,20,8,.310,.353,.663,4.03,3.94
楽,4,高須　洋介,.268,102,421,369,99,6,48,1,30,7,44,12,10,.360,.333,.693,4.06,4.04
楽,12,草野　大輔,.257,111,378,346,89,5,48,0,23,6,43,1,7,.379,.313,.692,3.91,3.84
楽,42,ルイーズ,.266,81,312,282,75,12,38,0,26,3,114,0,6,.450,.333,.784,5.19,5.13
楽,0,内村　賢介,.304,111,270,230,70,0,12,10,23,1,32,14,3,.343,.367,.711,4.48,4.42
楽,63,牧田　明久,.291,81,190,182,53,6,16,2,4,2,26,1,3,.505,.312,.818,5.67,5.43
楽,3,リンデン,.185,53,189,162,30,5,18,1,21,4,64,0,3,.309,.291,.600,2.99,3.30
楽,5,フィリップス,.198,26,92,81,16,2,12,0,9,1,21,0,2,.296,.283,.579,2.63,2.91
楽,9,宮出　隆自,.154,34,88,78,12,0,4,0,10,0,21,0,4,.218,.250,.468,1.04,1.12
楽,68,枡田　慎太郎,.208,17,54,48,10,0,1,0,6,0,13,0,0,.271,.296,.567,2.97,2.97
楽,66,西村　弥,.214,73,48,42,9,0,3,5,3,0,16,3,0,.286,.267,.552,2.82,2.83
楽,00,中村　真人,.225,26,41,40,9,0,2,0,1,0,2,0,3,.275,.244,.519,0.82,0.80
楽,61,憲史,.167,28,39,36,6,0,2,0,2,1,8,0,1,.167,.231,.397,0.57,0.78
楽,33,平石　洋介,.242,28,38,33,8,0,0,0,4,1,5,0,0,.333,.342,.675,4.57,4.30
楽,39,井野　卓,.206,14,38,34,7,0,2,0,0,0,9,4,1,.206,.206,.412,0.60,0.67
楽,56,中川　大志,.111,7,27,27,3,0,2,0,0,0,12,0,1,.111,.111,.222,-1.72,-1.51
楽,31,藤井　彰人,.222,8,19,18,4,0,2,0,1,0,4,0,0,.278,.263,.541,2.48,2.45
楽,44,中谷　仁,.067,11,16,15,1,0,0,0,1,0,3,0,0,.067,.125,.192,-1.17,-0.85
楽,38,楠城　祐介,.111,4,9,9,1,0,0,0,0,0,3,0,0,.111,.111,.222,-1.06,-0.81
楽,25,横川　史学,.000,4,8,7,0,0,0,0,0,1,5,0,0,.000,.125,.125,-1.68,-1.27
楽,8,中島　俊哉,.143,4,7,7,1,0,0,0,0,0,2,0,0,.143,.143,.286,-0.45,-0.27
楽,67,銀次,.167,2,6,6,1,0,0,0,0,0,0,0,0,.167,.167,.333,0.10,0.27
楽,98,丈武,.000,2,5,4,0,0,1,0,0,0,3,0,0,.000,.000,.000,-2.07,-0.05
楽,48,伊志嶺　忠,.000,2,4,4,0,0,0,0,0,0,1,0,0,.000,.000,.000,-2.75,-2.50
楽,32,小坂　誠,.000,7,0,0,0,0,0,0,0,0,0,0,0,.000,.000,.000,0.00,0.00
楽,35,大廣　翔治,NaN,NaN,NaN,NaN,NaN,NaN,NaN,NaN,NaN,NaN,NaN,NaN,NaN,NaN,NaN,NaN,NaN,NaN
楽,1,塩川　達也,NaN,NaN,NaN,NaN,NaN,NaN,NaN,NaN,NaN,NaN,NaN,NaN,NaN,NaN,NaN,NaN,NaN,NaN
楽,55,西田　哲朗,NaN,NaN,NaN,NaN,NaN,NaN,NaN,NaN,NaN,NaN,NaN,NaN,NaN,NaN,NaN,NaN,NaN,NaN
楽,29,小関　翔太,NaN,NaN,NaN,NaN,NaN,NaN,NaN,NaN,NaN,NaN,NaN,NaN,NaN,NaN,NaN,NaN,NaN,NaN
楽,27,河田　寿司,NaN,NaN,NaN,NaN,NaN,NaN,NaN,NaN,NaN,NaN,NaN,NaN,NaN,NaN,NaN,NaN,NaN,NaN
楽,52,山本　大明,NaN,NaN,NaN,NaN,NaN,NaN,NaN,NaN,NaN,NaN,NaN,NaN,NaN,NaN,NaN,NaN,NaN,NaN
オ,1,後藤　光尊,.295,143,632,590,174,16,73,2,32,8,96,0,20,.441,.339,.779,5.06,4.88
オ,9,坂口　智隆,.308,138,622,558,172,5,50,12,52,4,77,7,13,.427,.371,.797,5.70,5.41
オ,55,Ｔ−岡田,.284,129,520,461,131,33,96,0,49,6,136,0,11,.575,.358,.933,7.10,7.02
オ,42,カブレラ,.331,112,481,408,135,24,82,1,69,2,91,0,14,.569,.428,.997,8.73,8.41
オ,52,バルディリス,.301,118,434,385,116,14,50,1,31,10,61,2,9,.462,.363,.826,6.02,5.98
オ,23,北川　博敏,.307,119,403,362,111,12,61,2,28,7,65,0,6,.475,.362,.837,6.34,6.25
オ,4,赤田　将吾,.217,79,290,253,55,8,34,3,22,0,66,14,5,.352,.279,.631,3.06,3.17
オ,10,大引　啓次,.236,85,260,216,51,2,23,0,25,1,52,15,4,.333,.314,.648,3.49,3.58
オ,27,日高　剛,.279,79,243,219,61,6,24,0,18,1,25,4,8,.402,.335,.737,4.44,4.36
オ,44,鈴木　郁洋,.156,86,224,192,30,1,12,1,14,1,65,17,3,.208,.217,.426,0.95,1.09
オ,50,荒金　久雄,.269,64,204,175,47,3,16,0,14,8,49,6,4,.423,.348,.771,4.95,4.78
オ,2,山崎　浩司,.186,78,197,177,33,2,20,1,9,3,35,8,3,.260,.238,.498,1.61,1.70
オ,30,ラロッカ,.256,42,158,133,34,7,21,0,15,9,18,0,3,.474,.367,.841,6.05,6.07
オ,0,森山　周,.331,68,149,130,43,0,9,5,8,0,21,10,2,.346,.367,.713,4.63,4.49
オ,33,田口　壮,.261,53,131,119,31,3,10,1,7,1,28,2,4,.387,.302,.689,3.76,3.86
オ,91,カラバイヨ,.257,36,125,113,29,7,18,0,11,1,46,0,0,.478,.328,.806,5.81,5.79
オ,36,下山　真二,.213,31,89,80,17,1,7,0,7,0,17,2,3,.313,.276,.588,2.43,2.45
オ,22,前田　大輔,.218,28,65,55,12,1,6,0,4,1,12,4,1,.291,.279,.570,2.53,2.78
オ,31,塩崎　真,.188,35,56,48,9,1,1,0,5,1,13,2,2,.250,.278,.528,1.82,2.02
オ,3,一輝,.229,16,53,48,11,0,1,1,3,0,6,2,2,.313,.275,.587,2.47,2.46
オ,54,金子　圭輔,.217,31,51,46,10,0,2,4,2,1,16,2,1,.304,.265,.570,2.55,2.52
オ,59,セギノール,.189,11,38,37,7,0,3,0,0,1,11,0,0,.270,.211,.481,1.57,1.54
オ,5,バイナム,.138,16,29,29,4,0,1,0,0,0,9,0,0,.207,.138,.345,0.05,0.13
オ,40,喜田　剛,.235,10,17,17,4,0,2,0,0,0,5,0,0,.353,.235,.588,2.80,2.55
オ,66,由田　慎太郎,.067,17,15,15,1,0,0,0,0,0,4,0,0,.133,.067,.200,-1.26,-1.10
オ,67,横山　徹也,.267,11,15,15,4,0,1,0,0,0,6,0,1,.333,.267,.600,2.01,1.82
オ,7,濱中　治,.143,4,14,14,2,0,1,0,0,0,4,0,0,.214,.143,.357,0.18,0.25
オ,25,迎　祐一郎,.167,3,9,6,1,0,0,0,1,0,0,2,0,.167,.286,.452,1.71,1.81
オ,37,辻　俊哉,.250,5,4,4,1,0,0,0,0,0,1,0,1,.250,.250,.500,-0.95,-1.01
オ,61,伊藤　光,.000,2,4,4,0,0,0,0,0,0,1,0,0,.000,.000,.000,-2.75,-2.50
オ,6,大村　直之,.000,2,2,2,0,0,0,0,0,0,0,0,0,.000,.000,.000,-2.70,-2.43
オ,38,高島　毅,NaN,NaN,NaN,NaN,NaN,NaN,NaN,NaN,NaN,NaN,NaN,NaN,NaN,NaN,NaN,NaN,NaN,NaN
オ,53,相川　良太,NaN,NaN,NaN,NaN,NaN,NaN,NaN,NaN,NaN,NaN,NaN,NaN,NaN,NaN,NaN,NaN,NaN,NaN
オ,56,柴田　亮輔,NaN,NaN,NaN,NaN,NaN,NaN,NaN,NaN,NaN,NaN,NaN,NaN,NaN,NaN,NaN,NaN,NaN,NaN
オ,69,土井　健大,NaN,NaN,NaN,NaN,NaN,NaN,NaN,NaN,NaN,NaN,NaN,NaN,NaN,NaN,NaN,NaN,NaN,NaN
オ,58,長田　昌浩,NaN,NaN,NaN,NaN,NaN,NaN,NaN,NaN,NaN,NaN,NaN,NaN,NaN,NaN,NaN,NaN,NaN,NaN
オ,32,丹羽　将弥,NaN,NaN,NaN,NaN,NaN,NaN,NaN,NaN,NaN,NaN,NaN,NaN,NaN,NaN,NaN,NaN,NaN,NaN
