Team,背番号,選手名,防御率,試合,勝利,敗北,セーブ,ホールド,勝率,打者,投球回,被安打,被本塁打,与四球,与死球,奪三振,失点,自責点,WHIP,DIPS
広,18,前田　健太,2.21,28,15,8,0,0,.652,848,215.2,166,15,46,7,174,55,53,0.98,3.11
広,24,スタルツ,5.07,21,6,10,0,0,.375,560,124.1,149,23,46,3,87,74,70,1.57,5.28
広,91,ジオ,4.07,20,8,8,0,0,.500,501,119.1,110,14,37,7,97,60,54,1.23,4.13
広,14,篠田　純平,4.47,34,6,6,0,4,.500,478,108.2,119,13,44,4,58,56,54,1.50,4.85
広,21,齊藤　悠葵,5.58,23,4,7,0,1,.364,459,100.0,135,13,37,3,49,63,62,1.72,4.97
広,47,青木　高広,6.75,19,1,6,0,2,.143,305,65.1,102,8,12,4,45,51,49,1.74,4.07
広,48,岸本　秀樹,5.97,51,1,2,0,10,.333,286,60.1,86,6,21,5,45,44,40,1.77,4.21
広,46,大島　崇行,5.14,53,1,5,3,9,.167,252,56.0,61,7,21,6,46,33,32,1.46,4.50
広,23,横山　竜士,1.62,46,3,2,11,8,.600,206,50.0,37,3,17,3,48,12,9,1.08,3.12
広,99,ソリアーノ,4.30,10,2,3,0,0,.400,199,46.0,45,8,18,1,27,23,22,1.37,5.38
広,39,梅津　智弘,5.80,46,0,1,0,6,.000,186,40.1,47,9,17,3,24,33,26,1.59,6.17
広,62,今井　啓介,5.30,11,0,4,0,0,.000,167,37.1,42,7,18,3,24,26,22,1.61,5.96
広,22,高橋　建,9.30,26,4,5,0,8,.444,144,30.0,37,8,19,0,17,32,31,1.87,7.15
広,19,上野　弘文,4.94,27,1,2,2,7,.333,121,27.1,34,7,8,1,11,17,15,1.54,6.63
広,94,ベイル,7.09,30,0,3,1,4,.000,124,26.2,29,3,15,3,21,23,21,1.65,5.03
広,53,林　昌樹,5.96,26,0,1,0,1,.000,120,25.2,40,4,7,1,19,17,17,1.83,4.60
広,34,中田　廉,4.32,13,1,1,0,0,.500,112,25.0,20,5,14,2,17,13,12,1.36,6.28
広,41,小松　剛,7.94,5,1,3,0,0,.250,110,22.2,36,5,8,1,19,21,20,1.94,5.50
広,42,チューク,5.79,16,2,0,1,2,1.000,88,18.2,24,0,7,1,12,15,12,1.66,3.12
広,17,大竹　寛,5.00,3,1,0,0,0,1.000,86,18.0,22,2,10,2,9,10,10,1.78,5.56
広,20,永川　勝浩,3.97,10,1,2,1,1,.333,58,11.1,13,1,9,1,10,6,5,1.94,4.62
広,36,青木　勇人,5.91,6,0,0,0,0,.000,49,10.2,11,2,3,1,4,8,7,1.31,5.65
広,70,シュルツ,3.48,11,0,1,7,1,.000,43,10.1,10,0,2,0,8,5,4,1.16,2.15
広,12,武内　久士,7.11,5,0,0,0,0,.000,30,6.1,7,2,5,0,1,5,5,1.89,9.28
広,42,長谷川　昌幸,11.81,2,0,1,0,0,.000,27,5.1,6,3,5,0,4,9,7,2.06,11.75
広,67,伊東　昂大,7.71,5,0,0,0,0,.000,22,4.2,4,0,3,0,3,4,4,1.50,3.76
広,16,今村　猛,15.75,2,0,1,0,0,.000,26,4.0,7,1,6,1,0,8,7,3.25,11.62
広,65,相澤　寿聡,16.20,3,0,1,0,0,.000,21,3.1,10,1,2,0,3,7,6,3.60,7.02
広,30,森　跳二,8.10,3,0,0,0,0,.000,19,3.1,8,0,2,0,2,3,3,3.00,3.72
広,58,小島　心二郎,4.50,4,0,0,0,0,.000,10,2.0,3,0,1,1,0,1,1,2.00,6.12
広,28,広池　浩司,27.00,3,0,1,0,0,.000,6,1.0,3,1,0,0,0,3,3,3.00,16.12
広,29,佐藤　剛士,NaN,NaN,NaN,NaN,NaN,NaN,NaN,NaN,NaN,NaN,NaN,NaN,NaN,NaN,NaN,NaN,NaN,NaN
広,57,川口　盛外,NaN,NaN,NaN,NaN,NaN,NaN,NaN,NaN,NaN,NaN,NaN,NaN,NaN,NaN,NaN,NaN,NaN,NaN
広,54,宮崎　充登,NaN,NaN,NaN,NaN,NaN,NaN,NaN,NaN,NaN,NaN,NaN,NaN,NaN,NaN,NaN,NaN,NaN,NaN
広,69,中村　憲,NaN,NaN,NaN,NaN,NaN,NaN,NaN,NaN,NaN,NaN,NaN,NaN,NaN,NaN,NaN,NaN,NaN,NaN
巨,17,東野　峻,3.27,27,13,8,0,0,.619,673,157.0,152,11,55,9,140,64,57,1.32,3.45
巨,26,内海　哲也,4.38,27,11,8,0,0,.579,636,148.0,168,14,32,4,121,84,72,1.35,3.38
巨,49,ゴンザレス,5.29,25,5,13,0,0,.278,585,132.2,161,12,32,11,88,80,78,1.45,3.92
巨,99,藤井　秀悟,3.76,23,7,3,0,0,.700,501,122.0,107,16,34,6,91,53,51,1.16,4.27
巨,11,久保　裕也,2.77,79,8,1,1,32,.889,376,91.0,72,8,23,7,96,28,28,1.04,3.01
巨,47,山口　鉄也,3.05,73,8,3,5,20,.727,364,88.2,80,10,16,8,85,33,30,1.08,3.45
巨,35,西村　健太朗,4.52,14,4,5,0,0,.444,325,73.2,85,10,18,6,38,45,37,1.40,4.83
巨,22,越智　大祐,3.20,59,4,4,5,21,.500,239,56.1,52,6,23,2,49,22,20,1.33,4.04
巨,42,クルーン,4.26,52,4,3,25,5,.571,216,50.2,35,5,29,0,73,25,24,1.26,3.24
巨,68,朝井　秀樹,2.01,10,4,1,0,1,.800,191,49.1,39,2,9,0,35,15,11,0.97,2.78
巨,91,オビスポ,5.21,14,2,3,0,1,.400,223,48.1,60,9,18,7,22,33,28,1.61,6.12
巨,59,福田　聡志,3.68,18,3,4,0,0,.429,182,44.0,36,4,17,3,22,19,18,1.20,4.67
巨,36,ＭＩＣＨＥＡＬ,1.93,37,1,0,1,5,1.000,168,42.0,35,4,9,1,33,12,9,1.05,3.50
巨,95,星野　真澄,3.93,34,0,0,0,1,.000,156,34.1,32,7,18,3,24,17,15,1.46,6.12
巨,13,高木　康成,1.09,21,1,1,0,3,.500,100,24.2,15,1,11,2,19,3,3,1.05,3.57
巨,29,グライシンガー,5.48,6,0,2,0,0,.000,96,21.1,31,5,1,1,16,14,13,1.50,4.95
巨,28,金刃　憲人,5.03,21,1,0,0,4,1.000,91,19.2,22,4,8,1,18,15,11,1.53,5.31
巨,33,野間口　貴彦,6.52,12,1,2,0,0,.333,89,19.1,22,6,9,1,12,16,14,1.60,7.46
巨,20,豊田　清,4.40,16,1,1,0,3,.500,70,14.1,22,3,6,0,18,7,7,1.95,4.59
巨,30,小林　雅英,5.14,12,0,0,1,1,.000,64,14.0,19,0,5,0,2,8,8,1.71,3.91
巨,41,ロメロ,0.00,6,1,0,0,0,1.000,30,7.2,7,1,0,0,9,3,0,0.91,2.47
巨,97,黄　志龍,10.57,3,0,1,0,0,.000,43,7.2,13,1,6,0,6,9,9,2.48,5.21
巨,96,林　イー豪,12.60,2,0,0,0,0,.000,28,5.0,8,0,4,1,4,7,7,2.40,4.52
巨,19,土本　恭平,7.36,4,0,1,0,0,.000,16,3.2,1,1,3,1,5,3,3,1.09,6.39
巨,63,中里　篤史,6.00,2,0,0,0,0,.000,16,3.0,4,0,3,0,1,2,2,2.33,5.45
巨,62,上野　貴久,0.00,1,0,0,0,0,.000,2,0.2,0,0,0,0,0,0,0,0.00,3.12
巨,32,小野　淳平,NaN,NaN,NaN,NaN,NaN,NaN,NaN,NaN,NaN,NaN,NaN,NaN,NaN,NaN,NaN,NaN,NaN,NaN
巨,67,齋藤　圭祐,NaN,NaN,NaN,NaN,NaN,NaN,NaN,NaN,NaN,NaN,NaN,NaN,NaN,NaN,NaN,NaN,NaN,NaN
巨,57,古川　祐樹,NaN,NaN,NaN,NaN,NaN,NaN,NaN,NaN,NaN,NaN,NaN,NaN,NaN,NaN,NaN,NaN,NaN,NaN
巨,68,栂野　雅史,NaN,NaN,NaN,NaN,NaN,NaN,NaN,NaN,NaN,NaN,NaN,NaN,NaN,NaN,NaN,NaN,NaN,NaN
巨,93,笠原　将生,NaN,NaN,NaN,NaN,NaN,NaN,NaN,NaN,NaN,NaN,NaN,NaN,NaN,NaN,NaN,NaN,NaN,NaN
巨,37,藤田　宗一,NaN,NaN,NaN,NaN,NaN,NaN,NaN,NaN,NaN,NaN,NaN,NaN,NaN,NaN,NaN,NaN,NaN,NaN
巨,46,村田　透,NaN,NaN,NaN,NaN,NaN,NaN,NaN,NaN,NaN,NaN,NaN,NaN,NaN,NaN,NaN,NaN,NaN,NaN
巨,39,辻内　崇伸,NaN,NaN,NaN,NaN,NaN,NaN,NaN,NaN,NaN,NaN,NaN,NaN,NaN,NaN,NaN,NaN,NaN,NaN
巨,60,深田　拓也,NaN,NaN,NaN,NaN,NaN,NaN,NaN,NaN,NaN,NaN,NaN,NaN,NaN,NaN,NaN,NaN,NaN,NaN
巨,15,木村　正太,NaN,NaN,NaN,NaN,NaN,NaN,NaN,NaN,NaN,NaN,NaN,NaN,NaN,NaN,NaN,NaN,NaN,NaN
巨,65,宮本　武文,NaN,NaN,NaN,NaN,NaN,NaN,NaN,NaN,NaN,NaN,NaN,NaN,NaN,NaN,NaN,NaN,NaN,NaN
阪,34,久保　康友,3.25,29,14,5,0,0,.737,819,202.1,183,22,45,12,158,75,73,1.13,3.74
阪,55,スタンリッジ,3.49,23,11,5,0,0,.688,530,126.1,121,6,37,13,98,55,49,1.25,3.35
阪,42,下柳　剛,4.32,19,7,8,0,0,.467,441,100.0,110,13,33,6,58,54,48,1.43,4.73
阪,30,久保田　智之,3.20,71,6,3,0,28,.667,329,81.2,72,11,17,0,68,37,29,1.09,3.79
阪,54,メッセンジャー,4.93,26,5,6,0,1,.455,350,80.1,88,10,31,1,48,49,44,1.48,4.59
阪,46,鶴　直人,3.77,21,2,4,0,0,.333,337,76.1,76,7,30,5,46,36,32,1.39,4.36
阪,12,渡辺　亮,2.65,61,2,2,0,8,.500,311,74.2,57,4,36,2,53,29,22,1.25,3.64
阪,43,西村　憲,3.89,65,7,3,0,14,.700,296,71.2,72,11,13,3,71,33,31,1.19,3.72
阪,22,藤川　球児,2.01,58,3,4,28,5,.429,257,62.2,47,7,20,5,81,14,14,1.07,3.09
阪,14,能見　篤史,2.60,12,8,0,0,0,1.000,267,62.1,63,3,13,5,57,23,18,1.22,2.69
阪,41,上園　啓史,4.75,25,3,4,0,0,.429,265,60.2,60,8,27,1,39,36,32,1.43,4.88
阪,58,フォッサム,5.72,12,2,5,0,0,.286,258,56.2,65,9,24,5,48,37,36,1.57,4.97
阪,16,安藤　優也,7.27,19,2,3,0,0,.400,246,52.0,78,9,14,0,31,45,42,1.77,4.93
阪,27,秋山　拓巳,3.35,7,4,3,0,0,.571,166,40.1,33,3,13,0,23,16,15,1.14,3.84
阪,28,福原　忍,5.18,19,0,1,0,0,.000,104,24.1,25,5,10,0,20,15,14,1.44,5.38
阪,20,筒井　和也,6.65,23,0,2,0,2,.000,103,21.2,27,3,9,3,15,18,16,1.66,4.92
阪,15,藤原　正典,3.60,24,1,0,0,1,1.000,86,20.0,21,0,6,0,10,9,8,1.35,2.87
阪,26,江草　仁貴,5.12,21,1,0,0,2,1.000,89,19.1,22,1,13,0,15,12,11,1.81,3.95
阪,62,川崎　雄介,6.75,22,0,1,0,3,.000,64,13.1,23,1,4,0,14,10,10,2.03,2.67
阪,29,小嶋　達也,12.46,4,0,3,0,0,.000,45,8.2,16,3,3,1,5,12,12,2.19,7.85
阪,40,桟原　将司,6.43,6,0,1,0,0,.000,34,7.0,10,0,2,1,8,5,5,1.71,2.12
阪,17,杉山　直久,2.84,7,0,0,0,0,.000,28,6.1,8,0,2,1,3,2,2,1.58,3.59
阪,49,若竹　竜士,7.50,4,0,0,0,0,.000,33,6.0,8,0,5,0,4,7,5,2.17,4.29
阪,48,石川　俊介,5.79,4,0,0,0,0,.000,21,4.2,6,0,2,0,3,3,3,1.71,3.12
阪,13,金村　曉,22.50,1,0,0,0,0,.000,16,2.0,6,1,3,0,0,6,5,4.50,14.12
阪,68,横山　龍之介,18.00,2,0,0,0,0,.000,7,1.0,3,1,1,0,1,2,2,4.00,17.12
阪,64,ジェン,0.00,1,0,0,0,0,.000,4,1.0,1,0,1,0,0,0,0,2.00,6.12
阪,47,白仁田　寛和,NaN,NaN,NaN,NaN,NaN,NaN,NaN,NaN,NaN,NaN,NaN,NaN,NaN,NaN,NaN,NaN,NaN,NaN
阪,56,阿部　健太,NaN,NaN,NaN,NaN,NaN,NaN,NaN,NaN,NaN,NaN,NaN,NaN,NaN,NaN,NaN,NaN,NaN,NaN
阪,19,蕭　一傑,NaN,NaN,NaN,NaN,NaN,NaN,NaN,NaN,NaN,NaN,NaN,NaN,NaN,NaN,NaN,NaN,NaN,NaN
阪,59,黒田　祐輔,NaN,NaN,NaN,NaN,NaN,NaN,NaN,NaN,NaN,NaN,NaN,NaN,NaN,NaN,NaN,NaN,NaN,NaN
阪,18,二神　一人,NaN,NaN,NaN,NaN,NaN,NaN,NaN,NaN,NaN,NaN,NaN,NaN,NaN,NaN,NaN,NaN,NaN,NaN
阪,21,岩田　稔,NaN,NaN,NaN,NaN,NaN,NaN,NaN,NaN,NaN,NaN,NaN,NaN,NaN,NaN,NaN,NaN,NaN,NaN
阪,65,清原　大貴,NaN,NaN,NaN,NaN,NaN,NaN,NaN,NaN,NaN,NaN,NaN,NaN,NaN,NaN,NaN,NaN,NaN,NaN
中,21,チェン,2.87,29,13,10,0,1,.565,773,188.0,166,21,49,8,153,63,60,1.14,3.82
中,19,吉見　一起,3.50,25,12,9,0,0,.571,659,156.2,159,19,25,5,115,67,61,1.17,3.73
中,20,中田　賢一,2.90,19,7,4,0,0,.636,491,118.0,99,9,41,4,105,43,38,1.19,3.43
中,29,山井　大介,3.75,19,7,4,0,1,.636,464,110.1,105,10,39,5,84,49,46,1.31,3.92
中,41,浅尾　拓也,1.68,72,12,3,1,47,.800,307,80.1,60,4,10,1,75,16,15,0.87,2.31
中,49,ネルソン,3.16,15,4,3,0,0,.571,293,68.1,65,7,37,5,38,24,24,1.49,5.10
中,12,清水　昭信,4.55,44,1,1,0,8,.500,279,63.1,53,5,30,7,56,32,32,1.31,4.08
中,67,高橋　聡文,1.61,63,4,1,0,31,.800,250,61.1,44,3,24,2,62,15,11,1.11,3.01
中,33,平井　正史,2.20,46,2,1,0,5,.667,203,49.0,40,5,16,3,29,12,12,1.14,4.24
中,13,岩瀬　仁紀,2.25,54,1,3,42,3,.250,202,48.0,47,1,13,2,41,12,12,1.25,2.56
中,34,山本昌,3.21,8,5,1,0,0,.833,205,47.2,55,4,12,3,28,20,17,1.41,3.92
中,14,朝倉　健太,5.66,9,3,6,0,0,.333,195,41.1,56,8,13,2,31,29,26,1.67,5.22
中,23,鈴木　義広,3.19,41,1,0,0,7,1.000,153,36.2,27,2,16,2,21,14,13,1.17,3.91
中,26,山内　壮馬,2.06,6,2,1,0,0,.667,146,35.0,24,2,18,1,18,13,8,1.20,4.46
中,17,川井　雄太,3.21,6,1,3,0,0,.250,147,33.2,34,2,13,1,13,14,12,1.40,4.28
中,45,バルデス,4.91,8,1,3,0,0,.250,150,33.0,36,4,14,3,13,23,18,1.52,5.27
中,43,小笠原　孝,6.84,5,1,3,0,0,.250,119,25.0,34,9,7,3,8,26,19,1.64,8.24
中,69,小林　正人,2.14,36,0,0,0,6,.000,82,21.0,17,1,2,2,16,5,5,0.90,2.79
中,28,岩田　慎司,2.61,5,1,1,0,0,.500,85,20.2,11,1,11,1,19,6,6,1.06,3.51
中,68,長峰　昌司,4.08,11,0,1,0,1,.000,80,17.2,19,1,8,0,19,11,8,1.53,3.06
中,18,伊藤　準規,3.86,3,1,1,0,0,.500,57,14.0,11,1,7,0,12,6,6,1.29,3.83
中,61,久本　祐一,7.50,6,0,0,0,0,.000,27,6.0,9,1,1,0,4,5,5,1.67,4.45
中,60,河原　純一,4.91,4,0,1,0,2,.000,16,3.2,5,0,0,0,1,2,2,1.36,2.57
中,39,三瀬　幸司,15.00,6,0,1,0,1,.000,18,3.0,5,0,4,0,3,5,5,3.00,5.12
中,0,金剛　弘樹,15.43,2,0,1,0,0,.000,12,2.1,4,1,2,0,1,4,4,2.57,9.12
中,35,高島　祥平,45.00,1,0,0,0,0,.000,10,1.0,3,0,4,0,1,5,5,7.00,13.12
中,59,矢地　健人,0.00,1,0,0,0,0,.000,3,0.1,1,0,0,1,0,0,0,3.00,12.12
中,64,小熊　凌祐,NaN,NaN,NaN,NaN,NaN,NaN,NaN,NaN,NaN,NaN,NaN,NaN,NaN,NaN,NaN,NaN,NaN,NaN
中,70,佐藤　充,NaN,NaN,NaN,NaN,NaN,NaN,NaN,NaN,NaN,NaN,NaN,NaN,NaN,NaN,NaN,NaN,NaN,NaN
中,11,岡田　俊哉,NaN,NaN,NaN,NaN,NaN,NaN,NaN,NaN,NaN,NaN,NaN,NaN,NaN,NaN,NaN,NaN,NaN,NaN
中,38,齊藤　信介,NaN,NaN,NaN,NaN,NaN,NaN,NaN,NaN,NaN,NaN,NaN,NaN,NaN,NaN,NaN,NaN,NaN,NaN
中,16,小川　龍也,NaN,NaN,NaN,NaN,NaN,NaN,NaN,NaN,NaN,NaN,NaN,NaN,NaN,NaN,NaN,NaN,NaN,NaN
中,54,赤坂　和幸,NaN,NaN,NaN,NaN,NaN,NaN,NaN,NaN,NaN,NaN,NaN,NaN,NaN,NaN,NaN,NaN,NaN,NaN
横,17,清水　直行,5.40,26,10,11,0,0,.476,699,155.0,203,26,39,8,105,98,93,1.56,4.84
横,16,加賀　繁,3.66,27,3,12,0,1,.200,620,145.0,165,15,28,7,83,67,59,1.33,3.98
横,44,大家　友和,4.59,22,7,9,0,0,.438,525,121.2,145,16,22,3,62,72,62,1.37,4.40
横,68,ランドルフ,4.25,16,2,9,0,0,.182,391,91.0,77,9,52,3,83,46,43,1.42,4.36
横,18,三浦　大輔,7.23,16,3,8,0,0,.273,365,79.2,108,12,23,4,58,67,64,1.64,4.53
横,30,真田　裕貴,3.88,62,3,8,0,16,.273,303,69.2,72,10,21,7,41,33,30,1.33,4.84
横,11,山口　俊,2.62,54,2,8,30,2,.200,282,68.2,57,6,24,1,78,20,20,1.18,2.86
横,24,寺原　早人,3.67,20,4,3,0,0,.571,237,54.0,54,5,24,1,42,25,22,1.44,4.10
横,52,江尻　慎太郎,4.22,54,1,2,0,13,.333,236,53.1,57,4,16,6,33,32,25,1.37,4.10
横,35,牛田　成樹,1.21,41,2,1,0,23,.667,213,52.0,28,4,28,1,69,9,7,1.08,3.08
横,58,阿斗里,6.51,16,0,7,0,0,.000,214,47.0,56,10,16,4,28,37,34,1.53,5.91
横,19,藤江　均,7.52,15,2,3,0,1,.400,185,40.2,54,10,11,3,34,36,34,1.60,5.68
横,14,小林　太志,6.21,20,0,2,0,0,.000,171,37.2,42,8,17,2,26,27,26,1.57,6.01
横,13,弥太郎,3.03,29,1,1,0,5,.500,139,32.2,36,2,12,1,16,11,11,1.47,4.04
横,57,加藤　康介,7.81,49,0,2,0,7,.000,138,27.2,37,2,16,2,23,24,24,1.92,4.24
横,27,ブーチェック,4.62,15,1,0,0,1,1.000,122,25.1,38,5,7,1,25,16,13,1.78,4.66
横,38,桑原　謙太朗,6.12,18,1,2,0,1,.333,118,25.0,25,4,16,4,19,17,17,1.64,5.96
横,46,田中　健二朗,3.96,5,1,2,0,0,.333,103,25.0,22,6,10,0,12,11,11,1.28,6.48
横,49,福田　岳洋,3.38,18,0,0,0,1,.000,101,24.0,17,2,16,1,15,10,9,1.38,5.08
横,54,小杉　陽太,9.86,8,1,2,0,0,.333,107,21.0,36,8,9,1,11,23,23,2.14,8.31
横,22,高崎　健太郎,7.80,7,1,1,0,0,.500,70,15.0,23,3,4,0,9,13,13,1.80,5.32
横,15,高宮　和也,5.23,21,0,0,0,3,.000,56,10.1,18,0,1,5,11,7,6,1.84,2.73
横,34,篠原　貴行,11.70,20,2,0,0,2,1.000,54,10.0,20,2,4,1,5,13,13,2.40,6.22
横,28,秦　裕二,5.59,9,1,0,0,0,1.000,45,9.2,15,2,4,0,7,6,6,1.97,5.60
横,47,眞下　貴之,5.00,2,0,1,0,0,.000,42,9.0,9,3,6,1,5,5,5,1.67,8.68
横,60,佐藤　祥万,3.18,8,0,0,0,0,.000,23,5.2,4,0,0,2,4,2,2,0.71,2.77
横,64,松山　傑,9.00,5,0,0,0,0,.000,21,4.0,4,0,4,1,1,4,4,2.00,6.37
横,20,木塚　敦志,12.27,7,0,1,0,0,.000,21,3.2,10,2,0,0,2,5,5,2.73,9.12
横,56,杉原　洋,11.57,1,0,0,0,0,.000,14,2.1,3,0,4,0,1,3,3,3.00,7.41
横,21,吉見　祐治,27.00,1,0,0,0,0,.000,9,1.1,5,0,1,0,0,4,4,4.50,5.37
横,41,小山田　保裕,NaN,NaN,NaN,NaN,NaN,NaN,NaN,NaN,NaN,NaN,NaN,NaN,NaN,NaN,NaN,NaN,NaN,NaN
横,44,石井　裕也,NaN,NaN,NaN,NaN,NaN,NaN,NaN,NaN,NaN,NaN,NaN,NaN,NaN,NaN,NaN,NaN,NaN,NaN
横,45,吉原　道臣,NaN,NaN,NaN,NaN,NaN,NaN,NaN,NaN,NaN,NaN,NaN,NaN,NaN,NaN,NaN,NaN,NaN,NaN
横,48,安斉　雄虎,NaN,NaN,NaN,NaN,NaN,NaN,NaN,NaN,NaN,NaN,NaN,NaN,NaN,NaN,NaN,NaN,NaN,NaN
横,12,吉川　輝昭,NaN,NaN,NaN,NaN,NaN,NaN,NaN,NaN,NaN,NaN,NaN,NaN,NaN,NaN,NaN,NaN,NaN,NaN
横,66,王　溢正,NaN,NaN,NaN,NaN,NaN,NaN,NaN,NaN,NaN,NaN,NaN,NaN,NaN,NaN,NaN,NaN,NaN,NaN
ヤ,19,石川　雅規,3.53,28,13,8,0,0,.619,783,186.1,209,20,27,7,98,81,73,1.27,3.99
ヤ,15,村中　恭兵,3.44,28,11,10,0,0,.524,765,178.0,176,15,69,8,163,79,68,1.38,3.66
ヤ,11,由規,3.60,25,12,9,0,0,.571,724,167.2,158,11,74,8,149,78,67,1.38,3.59
ヤ,25,館山　昌平,2.93,21,12,7,0,0,.632,607,147.2,147,17,24,4,112,55,48,1.16,3.63
ヤ,14,中澤　雅人,5.68,23,7,9,0,0,.438,483,107.2,130,23,40,2,62,76,68,1.58,5.89
ヤ,64,バーネット,5.99,16,4,5,0,0,.444,376,79.2,99,9,41,4,70,55,53,1.76,4.49
ヤ,21,松岡　健一,2.64,73,3,4,3,34,.429,295,71.2,64,9,11,3,69,29,21,1.05,3.37
ヤ,65,押本　健彦,2.66,61,3,4,0,16,.429,250,61.0,59,6,12,2,56,22,18,1.16,3.25
ヤ,22,増渕　竜義,2.69,57,2,3,0,20,.400,259,60.1,46,5,36,1,50,22,18,1.36,4.33
ヤ,12,林　昌勇,1.46,53,1,2,35,6,.333,214,55.2,32,3,16,2,53,9,9,0.86,2.83
ヤ,44,松井　光介,4.80,21,0,1,0,0,.000,129,30.0,30,5,11,1,25,17,16,1.37,4.82
ヤ,35,橋本　義隆,5.68,18,1,0,0,0,1.000,92,19.0,30,2,6,1,14,16,12,1.89,4.12
ヤ,49,李　恵踐,5.09,19,0,1,0,5,.000,73,17.2,11,4,7,1,18,10,10,1.02,5.38
ヤ,17,川島　亮,2.20,7,1,0,0,1,1.000,69,16.1,13,1,10,0,12,4,4,1.41,4.28
ヤ,16,加藤　幹典,6.60,8,1,1,0,0,.500,71,15.0,19,3,9,0,7,11,11,1.87,6.39
ヤ,48,渡辺　恒樹,4.61,28,1,1,0,4,.500,59,13.2,13,0,6,1,6,7,7,1.39,3.78
ヤ,58,高木　啓充,4.15,11,0,1,0,1,.000,53,13.0,11,4,4,0,7,6,6,1.15,6.97
ヤ,54,高市　俊,4.63,8,0,0,0,0,.000,50,11.2,11,1,4,1,6,6,6,1.29,4.49
ヤ,70,デラクルス,7.84,9,0,0,0,0,.000,46,10.1,14,2,1,0,4,9,9,1.45,5.15
ヤ,62,吉川　昌宏,10.00,9,0,0,0,1,.000,47,9.0,16,2,4,1,6,12,10,2.22,6.34
ヤ,51,山岸　穣,9.82,4,0,0,0,0,.000,33,7.1,7,2,3,1,8,8,8,1.36,5.71
ヤ,47,赤川　克紀,6.75,1,0,1,0,0,.000,24,5.1,7,0,1,1,3,4,4,1.50,3.12
ヤ,63,山本　斉,18.00,1,0,1,0,0,.000,12,2.0,7,2,0,0,1,4,4,3.50,15.12
ヤ,13,佐藤　賢,13.50,1,0,0,0,0,.000,4,0.2,3,0,0,0,0,1,1,4.50,3.12
ヤ,29,ユウキ,0.00,1,0,0,0,0,.000,1,0.1,0,0,0,0,1,0,0,0.00,-2.88
ヤ,48,鎌田　祐哉,NaN,NaN,NaN,NaN,NaN,NaN,NaN,NaN,NaN,NaN,NaN,NaN,NaN,NaN,NaN,NaN,NaN,NaN
ヤ,20,山本　哲哉,NaN,NaN,NaN,NaN,NaN,NaN,NaN,NaN,NaN,NaN,NaN,NaN,NaN,NaN,NaN,NaN,NaN,NaN
ヤ,43,一場　靖弘,NaN,NaN,NaN,NaN,NaN,NaN,NaN,NaN,NaN,NaN,NaN,NaN,NaN,NaN,NaN,NaN,NaN,NaN
ヤ,66,山田　弘喜,NaN,NaN,NaN,NaN,NaN,NaN,NaN,NaN,NaN,NaN,NaN,NaN,NaN,NaN,NaN,NaN,NaN,NaN
ヤ,26,岡本　秀寛,NaN,NaN,NaN,NaN,NaN,NaN,NaN,NaN,NaN,NaN,NaN,NaN,NaN,NaN,NaN,NaN,NaN,NaN
ヤ,34,八木　亮祐,NaN,NaN,NaN,NaN,NaN,NaN,NaN,NaN,NaN,NaN,NaN,NaN,NaN,NaN,NaN,NaN,NaN,NaN
ヤ,67,平井　諒,NaN,NaN,NaN,NaN,NaN,NaN,NaN,NaN,NaN,NaN,NaN,NaN,NaN,NaN,NaN,NaN,NaN,NaN
ヤ,30,西崎　聡,NaN,NaN,NaN,NaN,NaN,NaN,NaN,NaN,NaN,NaN,NaN,NaN,NaN,NaN,NaN,NaN,NaN,NaN
ヤ,45,日高　亮,NaN,NaN,NaN,NaN,NaN,NaN,NaN,NaN,NaN,NaN,NaN,NaN,NaN,NaN,NaN,NaN,NaN,NaN
ヤ,42,萩原　淳,NaN,NaN,NaN,NaN,NaN,NaN,NaN,NaN,NaN,NaN,NaN,NaN,NaN,NaN,NaN,NaN,NaN,NaN
ヤ,61,石井　弘寿,NaN,NaN,NaN,NaN,NaN,NaN,NaN,NaN,NaN,NaN,NaN,NaN,NaN,NaN,NaN,NaN,NaN,NaN
ソ,47,杉内　俊哉,3.55,27,16,7,0,0,.696,779,182.2,169,12,60,8,218,75,72,1.25,2.69
ソ,21,和田　毅,3.14,26,17,8,0,0,.680,696,169.1,145,11,55,1,169,59,59,1.18,2.96
ソ,28,大隣　憲司,4.31,20,4,9,0,0,.308,482,110.2,116,12,43,1,91,57,53,1.44,4.08
ソ,11,小椋　真介,5.29,24,4,8,0,0,.333,468,102.0,98,14,67,3,113,65,60,1.62,4.72
ソ,50,攝津　正,2.30,71,4,3,1,38,.571,315,82.1,52,3,21,5,89,23,21,0.89,2.31
ソ,54,ホールトン,5.70,16,8,6,0,0,.571,349,79.0,97,11,25,1,69,52,50,1.54,4.17
ソ,48,甲藤　啓介,2.96,65,2,0,0,15,1.000,324,76.0,66,3,23,9,74,29,25,1.17,2.83
ソ,25,ファルケンボーグ,1.02,60,3,2,1,39,.600,230,62.0,39,0,8,0,83,10,7,0.76,0.83
ソ,14,馬原　孝浩,1.63,53,5,2,32,2,.714,246,60.2,54,1,12,1,49,12,11,1.09,2.36
ソ,34,山田　大樹,4.60,13,4,4,0,0,.500,266,58.2,59,6,33,7,44,33,30,1.57,5.00
ソ,40,藤岡　好明,4.50,32,1,2,0,1,.333,236,54.0,56,1,21,3,57,29,27,1.43,2.58
ソ,19,森福　允彦,2.59,36,3,1,0,5,.750,188,48.2,34,5,10,3,45,17,14,0.90,3.35
ソ,51,金澤　健人,2.89,38,1,1,0,1,.500,201,46.2,40,3,18,3,30,18,15,1.24,4.02
ソ,91,陽　耀勲,2.20,14,2,0,0,0,1.000,149,32.2,33,2,18,3,28,18,8,1.56,4.13
ソ,13,高橋　秀聡,5.55,5,2,2,0,0,.500,108,24.1,29,1,10,3,16,15,15,1.60,3.82
ソ,41,岩嵜　翔,8.06,6,0,3,0,0,.000,105,22.1,30,2,9,1,9,21,20,1.75,4.82
ソ,38,神内　靖,7.02,10,0,0,0,0,.000,75,16.2,18,3,6,1,17,13,13,1.44,4.68
ソ,53,ダービン,6.75,3,0,2,0,0,.000,73,16.0,16,3,10,2,11,12,12,1.63,6.43
ソ,44,水田　章雄,7.62,14,0,0,0,1,.000,69,13.0,22,1,5,2,6,14,11,2.08,4.81
ソ,00,吉川　輝昭,3.00,7,0,0,0,0,.000,50,12.0,10,2,3,1,9,4,4,1.08,4.79
ソ,17,大場　翔太,16.39,4,0,1,0,0,.000,56,9.1,18,1,9,0,9,18,17,2.89,5.48
ソ,20,巽　真悟,12.15,3,0,2,0,0,.000,36,6.2,7,2,10,0,4,9,9,2.55,10.32
ソ,57,三瀬　幸司,10.80,6,0,0,0,0,.000,19,3.1,6,0,3,0,2,5,4,2.70,4.62
ソ,39,久米　勇紀,18.00,4,0,0,0,0,.000,20,3.0,4,0,7,0,1,6,6,3.67,9.45
ソ,64,高橋　徹,3.86,2,0,0,0,0,.000,11,2.1,3,0,2,0,1,1,1,2.14,4.83
ソ,66,斉藤　和巳,NaN,NaN,NaN,NaN,NaN,NaN,NaN,NaN,NaN,NaN,NaN,NaN,NaN,NaN,NaN,NaN,NaN,NaN
ソ,18,新垣　渚,NaN,NaN,NaN,NaN,NaN,NaN,NaN,NaN,NaN,NaN,NaN,NaN,NaN,NaN,NaN,NaN,NaN,NaN
ソ,33,有馬　翔,NaN,NaN,NaN,NaN,NaN,NaN,NaN,NaN,NaN,NaN,NaN,NaN,NaN,NaN,NaN,NaN,NaN,NaN
ソ,65,下沖　勇樹,NaN,NaN,NaN,NaN,NaN,NaN,NaN,NaN,NaN,NaN,NaN,NaN,NaN,NaN,NaN,NaN,NaN,NaN
ソ,59,鈴木　駿也,NaN,NaN,NaN,NaN,NaN,NaN,NaN,NaN,NaN,NaN,NaN,NaN,NaN,NaN,NaN,NaN,NaN,NaN
ソ,26,川原　弘之,NaN,NaN,NaN,NaN,NaN,NaN,NaN,NaN,NaN,NaN,NaN,NaN,NaN,NaN,NaN,NaN,NaN,NaN
ソ,31,佐藤　誠,NaN,NaN,NaN,NaN,NaN,NaN,NaN,NaN,NaN,NaN,NaN,NaN,NaN,NaN,NaN,NaN,NaN,NaN
ソ,63,大田原　隆太,NaN,NaN,NaN,NaN,NaN,NaN,NaN,NaN,NaN,NaN,NaN,NaN,NaN,NaN,NaN,NaN,NaN,NaN
ソ,56,柳瀬　明宏,NaN,NaN,NaN,NaN,NaN,NaN,NaN,NaN,NaN,NaN,NaN,NaN,NaN,NaN,NaN,NaN,NaN,NaN
ソ,61,金　無英,NaN,NaN,NaN,NaN,NaN,NaN,NaN,NaN,NaN,NaN,NaN,NaN,NaN,NaN,NaN,NaN,NaN,NaN
ソ,29,怜王,NaN,NaN,NaN,NaN,NaN,NaN,NaN,NaN,NaN,NaN,NaN,NaN,NaN,NaN,NaN,NaN,NaN,NaN
日,11,ダルビッシュ　有,1.78,26,12,8,0,0,.600,805,202.0,158,5,47,7,222,48,40,1.01,2.05
日,38,武田　勝,2.41,26,14,7,0,0,.667,661,168.1,161,12,19,1,106,47,45,1.07,3.13
日,31,ケッペル,3.35,25,12,8,0,0,.600,669,158.2,156,10,53,9,85,67,59,1.32,4.02
日,15,榊原　諒,2.63,39,10,1,0,6,.909,275,72.0,60,3,11,0,54,22,21,0.99,2.62
日,10,ウルフ,3.03,42,4,3,3,8,.571,255,62.1,66,5,13,3,24,24,21,1.27,4.11
日,43,増井　浩俊,4.35,13,3,4,0,0,.429,274,60.0,62,9,31,4,34,31,29,1.55,5.69
日,21,武田　久,3.83,58,1,5,19,4,.167,241,56.1,63,5,16,5,37,28,24,1.40,3.92
日,22,建山　義紀,1.80,58,1,2,4,25,.333,218,55.0,43,3,11,2,59,11,11,0.98,2.39
日,42,木田　優夫,4.78,21,5,2,0,3,.714,235,52.2,63,7,23,3,30,28,28,1.63,5.19
日,25,宮西　尚生,1.70,61,2,1,1,23,.667,181,47.2,29,1,9,4,49,9,9,0.80,2.15
日,29,八木　智哉,6.92,9,1,4,0,0,.200,182,39.0,47,10,18,4,27,31,30,1.67,6.76
日,20,糸数　敬作,6.69,8,2,2,0,0,.500,159,36.1,38,10,10,4,17,29,27,1.32,6.92
日,59,金森　敬之,6.62,17,1,1,0,0,.500,170,35.1,50,10,14,1,22,28,26,1.81,6.66
日,19,林　昌範,2.64,36,2,2,0,14,.500,123,30.2,20,3,9,0,25,12,9,0.95,3.54
日,33,矢貫　俊之,4.34,6,1,2,0,0,.333,130,29.0,33,6,13,1,22,16,14,1.59,5.74
日,12,カーライル,4.88,7,0,3,0,0,.000,125,27.2,35,2,11,1,14,18,15,1.66,4.35
日,34,吉川　光夫,6.92,9,0,4,0,0,.000,122,26.0,35,7,11,1,20,21,20,1.77,6.47
日,49,加藤　武治,4.05,21,0,1,0,1,.000,81,20.0,18,3,7,1,16,9,9,1.25,4.67
日,47,菊地　和正,1.45,17,1,1,0,1,.500,80,18.2,18,0,6,0,13,4,3,1.29,2.37
日,36,中村　勝,5.50,4,1,2,0,0,.333,81,18.0,18,2,10,0,14,11,11,1.56,4.68
日,48,谷元　圭介,5.74,14,1,2,0,2,.333,68,15.2,18,2,4,0,12,10,10,1.40,3.82
日,27,石井　裕也,2.53,13,0,0,0,5,.000,43,10.2,8,0,2,1,8,3,3,0.94,2.46
日,13,須永　英輝,7.84,5,0,0,0,0,.000,47,10.1,14,1,5,0,9,9,9,1.84,4.09
日,44,山本　一徳,5.40,6,0,0,0,0,.000,44,10.0,8,1,8,0,9,6,6,1.60,4.72
日,16,多田野　数人,5.19,2,0,1,0,0,.000,39,8.2,10,0,3,0,8,5,5,1.50,2.31
日,30,松家　卓弘,4.26,5,0,0,0,0,.000,31,6.1,5,1,9,0,3,3,3,2.21,8.49
日,37,土屋　健二,16.88,3,0,0,0,0,.000,33,5.1,12,3,5,1,3,10,10,3.19,12.68
日,66,ダース　ローマシュ匡,11.57,1,0,1,0,0,.000,14,2.1,4,0,4,0,1,3,3,3.43,7.41
日,27,江尻　慎太郎,27.00,2,0,0,0,0,.000,10,1.1,6,0,0,0,0,5,4,4.50,3.12
日,17,宮本　賢,NaN,1,0,0,0,0,.000,1,0.0,1,0,0,0,0,0,0,NaN,NaN
日,35,木下　達生,NaN,NaN,NaN,NaN,NaN,NaN,NaN,NaN,NaN,NaN,NaN,NaN,NaN,NaN,NaN,NaN,NaN,NaN
日,55,運天　ジョン・クレイトン,NaN,NaN,NaN,NaN,NaN,NaN,NaN,NaN,NaN,NaN,NaN,NaN,NaN,NaN,NaN,NaN,NaN,NaN
日,14,大塚　豊,NaN,NaN,NaN,NaN,NaN,NaN,NaN,NaN,NaN,NaN,NaN,NaN,NaN,NaN,NaN,NaN,NaN,NaN
日,46,植村　祐介,NaN,NaN,NaN,NaN,NaN,NaN,NaN,NaN,NaN,NaN,NaN,NaN,NaN,NaN,NaN,NaN,NaN,NaN
日,68,浅沼　寿紀,NaN,NaN,NaN,NaN,NaN,NaN,NaN,NaN,NaN,NaN,NaN,NaN,NaN,NaN,NaN,NaN,NaN,NaN
日,67,豊島　明好,NaN,NaN,NaN,NaN,NaN,NaN,NaN,NaN,NaN,NaN,NaN,NaN,NaN,NaN,NaN,NaN,NaN,NaN
マ,17,成瀬　善久,3.31,28,13,11,0,0,.542,817,203.2,173,29,34,4,192,78,75,1.02,3.62
マ,31,渡辺　俊介,4.49,26,8,8,0,0,.500,651,148.1,171,10,45,7,63,77,74,1.46,4.20
マ,69,マーフィー,3.75,38,12,6,0,5,.667,627,144.0,127,9,84,3,125,61,60,1.47,4.01
マ,12,吉見　祐治,5.18,21,6,7,0,0,.462,409,88.2,111,10,30,5,76,55,51,1.59,4.02
マ,19,唐川　侑己,2.71,11,6,3,0,0,.667,306,73.0,69,3,20,4,51,24,22,1.22,3.24
マ,11,大嶺　祐太,5.17,13,3,6,0,0,.333,320,71.1,78,12,34,3,52,48,41,1.57,5.41
マ,49,薮田　安彦,3.15,63,2,5,1,28,.286,277,65.2,59,9,22,3,57,26,23,1.23,4.31
マ,30,伊藤　義弘,3.48,65,1,2,1,30,.333,272,64.2,55,2,26,2,65,27,25,1.25,2.81
マ,41,小林宏,2.21,57,3,3,29,5,.500,249,61.0,51,2,14,3,53,17,15,1.07,2.60
マ,29,小野　晋吾,3.97,27,5,4,0,8,.556,262,59.0,62,3,22,8,37,30,26,1.42,4.00
マ,27,古谷　拓哉,2.91,58,3,0,0,11,1.000,245,55.2,48,4,30,2,52,19,18,1.40,3.91
マ,44,ペン,3.69,8,1,3,0,0,.250,193,46.1,45,6,16,2,27,21,19,1.32,4.80
マ,33,コーリー,4.87,14,4,4,0,0,.500,194,44.1,48,8,17,2,30,28,24,1.47,5.40
マ,48,秋親,4.88,28,1,0,0,2,1.000,146,31.1,31,3,20,6,29,17,17,1.63,5.00
マ,46,川越　英隆,7.36,15,3,2,0,0,.600,144,29.1,49,4,3,2,14,25,24,1.77,4.45
マ,21,内　竜也,4.50,15,2,0,0,4,1.000,85,20.0,14,1,10,1,20,12,10,1.20,3.42
マ,14,大谷　智久,7.20,11,1,1,0,1,.500,70,15.0,22,2,4,0,5,12,12,1.73,4.99
マ,15,上野　大樹,4.20,7,0,0,0,0,.000,67,15.0,16,0,7,0,6,7,7,1.53,3.72
マ,28,根本　朋久,1.84,10,0,0,0,0,.000,62,14.2,13,0,4,2,10,5,3,1.16,2.98
マ,45,松本　幸大,11.57,10,0,0,0,1,.000,61,11.2,20,4,6,1,6,16,15,2.23,8.35
マ,42,香月　良仁,10.45,3,1,1,0,0,.500,57,10.1,23,1,4,1,6,12,12,2.61,4.67
マ,13,橋本　健太郎,6.35,9,0,1,0,1,.000,25,5.2,4,1,4,1,5,4,4,1.41,6.30
マ,20,服部　泰卓,14.29,8,0,0,0,0,.000,36,5.2,15,0,4,0,5,9,9,3.35,3.47
マ,53,相原　勝幸,11.57,2,0,0,0,0,.000,10,2.1,2,0,0,1,3,3,3,0.86,1.83
マ,57,山室　公志郎,0.00,1,0,0,0,0,.000,10,2.0,1,0,2,1,0,2,0,1.50,7.62
マ,60,阿部　和成,NaN,NaN,NaN,NaN,NaN,NaN,NaN,NaN,NaN,NaN,NaN,NaN,NaN,NaN,NaN,NaN,NaN,NaN
マ,36,黒滝　将人,NaN,NaN,NaN,NaN,NaN,NaN,NaN,NaN,NaN,NaN,NaN,NaN,NaN,NaN,NaN,NaN,NaN,NaN
マ,47,那須野　巧,NaN,NaN,NaN,NaN,NaN,NaN,NaN,NaN,NaN,NaN,NaN,NaN,NaN,NaN,NaN,NaN,NaN,NaN
マ,37,林　啓介,NaN,NaN,NaN,NaN,NaN,NaN,NaN,NaN,NaN,NaN,NaN,NaN,NaN,NaN,NaN,NaN,NaN,NaN
マ,0,荻野　忠寛,NaN,NaN,NaN,NaN,NaN,NaN,NaN,NaN,NaN,NaN,NaN,NaN,NaN,NaN,NaN,NaN,NaN,NaN
マ,56,山本　徹矢,NaN,NaN,NaN,NaN,NaN,NaN,NaN,NaN,NaN,NaN,NaN,NaN,NaN,NaN,NaN,NaN,NaN,NaN
マ,24,下敷領　悠太,NaN,NaN,NaN,NaN,NaN,NaN,NaN,NaN,NaN,NaN,NaN,NaN,NaN,NaN,NaN,NaN,NaN,NaN
マ,38,中郷　大樹,NaN,NaN,NaN,NaN,NaN,NaN,NaN,NaN,NaN,NaN,NaN,NaN,NaN,NaN,NaN,NaN,NaN,NaN
マ,34,木村　雄太,NaN,NaN,NaN,NaN,NaN,NaN,NaN,NaN,NaN,NaN,NaN,NaN,NaN,NaN,NaN,NaN,NaN,NaN
マ,51,植松　優友,NaN,NaN,NaN,NaN,NaN,NaN,NaN,NaN,NaN,NaN,NaN,NaN,NaN,NaN,NaN,NaN,NaN,NaN
マ,12,川崎　雄介,NaN,NaN,NaN,NaN,NaN,NaN,NaN,NaN,NaN,NaN,NaN,NaN,NaN,NaN,NaN,NaN,NaN,NaN
マ,35,坪井　俊樹,NaN,NaN,NaN,NaN,NaN,NaN,NaN,NaN,NaN,NaN,NaN,NaN,NaN,NaN,NaN,NaN,NaN,NaN
西,18,涌井　秀章,3.67,27,14,8,0,0,.636,828,196.1,191,21,54,9,154,85,80,1.25,3.84
西,47,帆足　和幸,3.69,27,11,8,0,0,.579,692,163.1,173,13,35,12,104,72,67,1.27,3.73
西,23,許　銘傑,4.55,22,6,9,0,0,.400,529,120.2,150,13,28,2,62,75,61,1.48,4.24
西,11,岸　孝之,3.25,19,10,6,1,0,.625,460,113.2,100,9,26,5,110,41,41,1.11,3.01
西,16,石井　一久,3.70,18,9,6,0,0,.600,453,104.2,105,10,34,2,93,50,43,1.33,3.62
西,20,野上　亮磨,5.14,27,2,2,0,1,.500,319,68.1,92,9,23,4,40,40,39,1.68,4.80
西,19,平野　将光,4.39,11,4,4,0,0,.500,275,65.2,71,11,14,3,34,32,32,1.29,5.04
西,34,長田　秀一郎,3.31,56,5,3,0,17,.625,275,65.1,55,4,24,4,61,27,24,1.21,3.29
西,50,シコースキー,2.57,58,2,5,33,5,.286,255,63.0,50,7,19,1,48,18,18,1.10,3.99
西,13,西口　文也,5.49,13,3,2,0,0,.600,261,57.1,65,8,27,2,43,36,35,1.60,4.95
西,45,藤田　太陽,3.91,48,6,3,0,19,.667,183,46.0,43,8,7,2,29,20,20,1.09,4.58
西,59,岡本　篤志,3.09,33,2,1,1,10,.667,193,43.2,45,4,19,1,38,15,15,1.47,3.94
西,14,小野寺　力,3.67,41,1,3,0,8,.250,168,41.2,42,3,6,2,28,20,17,1.15,3.29
西,15,大沼　幸二,7.71,16,2,1,0,0,.667,108,23.1,30,2,10,1,15,20,20,1.71,4.36
西,38,土肥　義弘,6.50,25,0,0,0,4,.000,89,18.0,24,1,11,1,10,16,13,1.94,4.56
西,48,武隈　祥太,2.20,9,1,0,0,0,1.000,73,16.1,13,0,11,0,15,4,4,1.47,3.30
西,26,星野　智樹,8.10,27,0,0,0,8,.000,63,13.1,14,0,8,2,10,12,12,1.65,3.87
西,66,田中　靖洋,4.97,11,0,1,0,0,.000,60,12.2,16,1,6,0,7,9,7,1.74,4.46
西,30,岡本　洋介,8.38,10,0,0,0,0,.000,48,9.2,15,1,5,0,6,10,9,2.07,4.78
西,57,谷中　真二,7.36,8,0,0,0,0,.000,40,7.1,9,1,10,1,3,6,6,2.59,8.57
西,40,山本　淳,9.45,9,0,0,0,0,.000,34,6.2,11,0,3,1,3,7,7,2.10,4.02
西,55,工藤　公康,10.50,10,0,2,0,0,.000,33,6.0,11,1,4,0,7,7,7,2.50,4.95
西,54,グラマン,17.36,7,0,0,0,0,.000,31,4.2,15,2,4,0,2,10,9,4.07,10.41
西,24,松永　浩典,0.00,6,0,1,0,0,.000,18,3.2,5,0,3,0,1,1,0,2.18,4.21
西,68,宮田　和希,7.71,2,0,0,0,0,.000,12,2.1,2,1,3,0,2,2,2,2.14,10.83
西,12,岩尾　利弘,18.00,2,0,0,0,0,.000,13,2.0,6,0,2,0,0,4,4,4.00,6.12
西,25,岩崎　哲也,10.80,1,0,0,0,0,.000,10,1.2,4,1,0,1,2,3,2,2.40,10.32
西,35,松下　建太,NaN,NaN,NaN,NaN,NaN,NaN,NaN,NaN,NaN,NaN,NaN,NaN,NaN,NaN,NaN,NaN,NaN,NaN
西,29,山崎　敏,NaN,NaN,NaN,NaN,NaN,NaN,NaN,NaN,NaN,NaN,NaN,NaN,NaN,NaN,NaN,NaN,NaN,NaN
西,21,中崎　雄太,NaN,NaN,NaN,NaN,NaN,NaN,NaN,NaN,NaN,NaN,NaN,NaN,NaN,NaN,NaN,NaN,NaN,NaN
西,17,雄星,NaN,NaN,NaN,NaN,NaN,NaN,NaN,NaN,NaN,NaN,NaN,NaN,NaN,NaN,NaN,NaN,NaN,NaN
西,36,山岸　穣,NaN,NaN,NaN,NaN,NaN,NaN,NaN,NaN,NaN,NaN,NaN,NaN,NaN,NaN,NaN,NaN,NaN,NaN
西,28,藤原　良平,NaN,NaN,NaN,NaN,NaN,NaN,NaN,NaN,NaN,NaN,NaN,NaN,NaN,NaN,NaN,NaN,NaN,NaN
西,62,朱　大衛,NaN,NaN,NaN,NaN,NaN,NaN,NaN,NaN,NaN,NaN,NaN,NaN,NaN,NaN,NaN,NaN,NaN,NaN
西,41,木村　文紀,NaN,NaN,NaN,NaN,NaN,NaN,NaN,NaN,NaN,NaN,NaN,NaN,NaN,NaN,NaN,NaN,NaN,NaN
西,69,上原　厚治郎,NaN,NaN,NaN,NaN,NaN,NaN,NaN,NaN,NaN,NaN,NaN,NaN,NaN,NaN,NaN,NaN,NaN,NaN
楽,21,岩隈　久志,2.82,28,10,9,0,0,.526,821,201.0,184,11,36,12,153,68,63,1.09,3.01
楽,30,永井　怜,3.74,27,10,10,0,0,.500,779,182.2,173,20,69,3,125,82,76,1.32,4.36
楽,18,田中　将大,2.50,20,11,6,0,0,.647,643,155.0,159,9,32,5,119,47,43,1.23,3.04
楽,17,ラズナー,4.48,26,5,11,0,0,.313,669,152.2,154,13,58,9,118,83,76,1.39,3.98
楽,45,川井　貴志,4.59,17,3,7,0,0,.300,306,66.2,81,7,28,2,28,39,34,1.64,4.95
楽,28,片山　博視,1.88,53,1,2,0,10,.333,255,62.1,45,3,26,2,59,15,13,1.14,3.10
楽,57,小山　伸一郎,2.41,55,5,4,11,15,.556,249,59.2,49,5,23,3,54,18,16,1.21,3.56
楽,41,青山　浩二,1.72,41,5,1,1,15,.833,217,52.1,48,2,14,0,63,13,10,1.18,2.01
楽,51,川岸　強,6.12,49,2,5,13,4,.286,230,50.0,67,8,18,3,46,35,34,1.70,4.44
楽,20,長谷部　康平,7.83,10,3,5,0,0,.375,200,43.2,49,10,23,2,30,42,38,1.65,6.30
楽,16,山村　宏樹,3.53,36,0,2,1,4,.000,183,43.1,49,5,11,3,22,21,17,1.38,4.50
楽,13,井坂　亮平,5.09,7,2,4,0,0,.333,164,35.1,50,5,12,2,17,24,20,1.75,5.19
楽,47,松崎　伸吾,7.13,9,1,2,0,0,.333,128,24.0,37,4,13,2,16,27,19,2.08,5.83
楽,14,佐竹　健太,4.57,20,0,1,0,0,.000,95,21.2,24,1,6,1,20,13,11,1.38,2.84
楽,22,戸村　健次,7.27,4,0,1,0,0,.000,84,17.1,23,3,10,1,13,15,14,1.90,5.60
楽,65,松本　輝,8.04,8,0,1,0,0,.000,78,15.2,27,2,7,1,7,16,14,2.17,5.42
楽,54,木谷　寿巳,3.45,7,1,0,0,0,1.000,65,15.2,10,2,8,0,11,6,6,1.15,4.91
楽,15,藤原　紘通,11.93,4,1,3,0,0,.250,78,14.1,30,6,6,1,8,25,19,2.51,8.91
楽,58,辛島　航,4.97,12,0,1,0,5,.000,58,12.2,15,2,5,0,11,8,7,1.58,4.62
楽,64,藪　恵壹,4.91,11,0,0,0,2,.000,48,11.0,9,2,6,2,6,6,6,1.36,6.57
楽,59,菊池　保則,4.09,2,1,1,0,0,.500,46,11.0,7,3,5,2,10,5,5,1.09,6.76
楽,26,有銘　兼久,3.38,13,0,0,0,4,.000,35,8.0,7,0,3,1,12,3,3,1.25,1.25
楽,49,井上　雄介,11.57,7,1,1,0,0,.500,38,7.0,14,4,3,0,1,9,9,2.43,11.55
楽,50,モリーヨ,2.70,7,0,0,0,0,.000,28,6.2,3,0,5,0,9,2,2,1.20,2.67
楽,36,朝井　秀樹,8.31,1,0,0,0,0,.000,22,4.1,7,0,2,0,2,4,4,2.08,3.58
楽,40,土屋　朋弘,0.00,3,0,0,0,0,.000,9,3.0,0,0,0,0,1,0,0,0.00,2.45
楽,62,栂野　雅史,36.00,2,0,0,0,0,.000,7,1.0,4,1,0,0,0,4,4,4.00,16.12
楽,11,福盛　和男,45.00,2,0,2,0,0,.000,10,1.0,6,1,1,0,1,5,5,7.00,17.12
楽,60,石川　賢,NaN,NaN,NaN,NaN,NaN,NaN,NaN,NaN,NaN,NaN,NaN,NaN,NaN,NaN,NaN,NaN,NaN,NaN
楽,34,渡邉　恒樹,NaN,NaN,NaN,NaN,NaN,NaN,NaN,NaN,NaN,NaN,NaN,NaN,NaN,NaN,NaN,NaN,NaN,NaN
楽,34,鎌田　祐哉,NaN,NaN,NaN,NaN,NaN,NaN,NaN,NaN,NaN,NaN,NaN,NaN,NaN,NaN,NaN,NaN,NaN,NaN
楽,43,寺田　龍平,NaN,NaN,NaN,NaN,NaN,NaN,NaN,NaN,NaN,NaN,NaN,NaN,NaN,NaN,NaN,NaN,NaN,NaN
楽,53,石田　隆司,NaN,NaN,NaN,NaN,NaN,NaN,NaN,NaN,NaN,NaN,NaN,NaN,NaN,NaN,NaN,NaN,NaN,NaN
楽,24,高堀　和也,NaN,NaN,NaN,NaN,NaN,NaN,NaN,NaN,NaN,NaN,NaN,NaN,NaN,NaN,NaN,NaN,NaN,NaN
オ,19,金子　千尋,3.30,30,17,8,0,1,.680,831,204.1,184,17,44,3,190,85,75,1.12,3.02
オ,12,木佐貫　洋,3.98,28,10,12,0,0,.455,767,174.1,174,9,71,13,140,85,77,1.41,3.63
オ,65,近藤　一樹,4.35,24,5,10,0,0,.333,620,142.2,151,16,49,7,133,79,69,1.40,3.87
オ,20,山本　省吾,5.47,23,8,10,0,1,.444,478,107.0,143,19,20,8,79,71,65,1.52,4.74
オ,18,岸田　護,3.27,57,6,5,12,11,.545,440,104.2,107,6,24,1,96,42,38,1.25,2.69
オ,28,小松　聖,4.77,29,5,8,0,2,.385,381,83.0,107,10,27,4,58,47,44,1.61,4.30
オ,16,平野　佳寿,1.67,63,7,2,2,32,.778,334,80.2,67,4,28,1,101,19,15,1.18,2.30
オ,17,香月　良太,3.02,46,3,1,1,4,.750,243,56.2,60,3,14,4,35,22,19,1.31,3.53
オ,49,中山　慎也,3.83,11,3,3,0,0,.500,219,51.2,55,3,14,1,40,23,22,1.34,3.20
オ,24,レスター,4.78,35,2,2,10,0,.500,178,37.2,45,3,16,2,33,21,20,1.62,3.76
オ,63,西　勇輝,3.41,18,0,0,0,1,.000,128,31.2,21,3,14,1,31,12,12,1.11,3.81
オ,25,長谷川　昌幸,4.30,6,0,3,0,0,.000,129,29.1,30,3,15,1,15,16,14,1.53,5.06
オ,39,鴨志田　貴司,2.30,26,0,0,0,4,.000,114,27.1,18,2,13,3,31,7,7,1.13,3.56
オ,14,古川　秀一,3.20,33,0,2,0,4,.000,109,25.1,23,0,11,2,23,9,9,1.34,2.84
オ,15,加藤　大輔,3.91,20,1,0,0,2,1.000,103,25.1,17,3,11,2,15,14,11,1.11,5.01
オ,26,伊原　正樹,6.65,6,0,3,0,0,.000,110,23.0,31,2,14,1,11,20,17,1.96,5.25
オ,35,比嘉　幹貴,1.25,24,2,1,0,2,.667,78,21.2,14,0,1,1,12,3,3,0.69,2.29
オ,43,阿南　徹,10.43,17,0,0,0,2,.000,75,14.2,23,2,9,2,10,17,17,2.18,5.78
オ,60,前田　祐二,5.91,20,0,0,0,1,.000,52,10.2,14,1,6,0,8,7,7,1.88,4.53
オ,46,菊地原　毅,10.00,18,0,1,0,4,.000,51,9.0,16,2,7,0,7,12,10,2.56,6.79
オ,11,大久保　勝信,6.43,5,0,0,0,0,.000,33,7.0,8,0,5,0,6,5,5,1.86,3.55
オ,64,西川　雅人,1.50,4,0,0,0,0,.000,25,6.0,5,0,2,0,1,1,1,1.17,3.79
オ,57,山田　修義,3.00,1,0,0,0,0,.000,14,3.0,5,0,1,1,0,1,1,2.00,5.12
オ,48,吉野　誠,27.00,4,0,0,0,0,.000,12,1.2,5,0,2,1,1,5,5,4.20,7.32
オ,62,山崎　正貴,20.25,1,0,0,0,0,.000,9,1.1,3,0,2,0,1,3,3,3.75,6.12
オ,45,光原　逸裕,18.00,1,0,0,0,0,.000,5,1.0,2,2,0,0,0,2,2,2.00,29.12
オ,99,梶本　達哉,NaN,NaN,NaN,NaN,NaN,NaN,NaN,NaN,NaN,NaN,NaN,NaN,NaN,NaN,NaN,NaN,NaN,NaN
オ,47,延江　大輔,NaN,NaN,NaN,NaN,NaN,NaN,NaN,NaN,NaN,NaN,NaN,NaN,NaN,NaN,NaN,NaN,NaN,NaN
オ,50,金澤　健人,NaN,NaN,NaN,NaN,NaN,NaN,NaN,NaN,NaN,NaN,NaN,NaN,NaN,NaN,NaN,NaN,NaN,NaN
オ,13,清水　章夫,NaN,NaN,NaN,NaN,NaN,NaN,NaN,NaN,NaN,NaN,NaN,NaN,NaN,NaN,NaN,NaN,NaN,NaN
オ,21,甲斐　拓哉,NaN,NaN,NaN,NaN,NaN,NaN,NaN,NaN,NaN,NaN,NaN,NaN,NaN,NaN,NaN,NaN,NaN,NaN
オ,34,本柳　和也,NaN,NaN,NaN,NaN,NaN,NaN,NaN,NaN,NaN,NaN,NaN,NaN,NaN,NaN,NaN,NaN,NaN,NaN
オ,29,小林　賢司,NaN,NaN,NaN,NaN,NaN,NaN,NaN,NaN,NaN,NaN,NaN,NaN,NaN,NaN,NaN,NaN,NaN,NaN
オ,68,仁藤　拓馬,NaN,NaN,NaN,NaN,NaN,NaN,NaN,NaN,NaN,NaN,NaN,NaN,NaN,NaN,NaN,NaN,NaN,NaN
