Team,No.,選手名,守備,生年月日,年齢,年数,身長,体重,血液型,投打,出身地,年俸(推定)
広,0,上本　崇司,内野手,1990/08/22,25,4,170,71,A,右両,広島,880
広,00,中東　直己,外野手,1981/10/05,34,10,168,73,B,右左,広島,"1,300"
広,2,田中　広輔,内野手,1989/07/03,26,3,171,81,A,右左,神奈川,"4,100"
広,4,小窪　哲也,内野手,1985/04/12,31,9,175,80,O,右右,奈良,"4,000"
広,5,ルナ,内野手,1980/02/01,36,4,187,99,B,右右,ドミニカ共和国,"12,000"
広,6,梵　英心,内野手,1980/10/11,35,11,173,76,B,右右,広島,"9,000"
広,7,堂林　翔太,内野手,1991/08/17,24,7,183,83,A,右右,愛知,"1,830"
広,9,丸　佳浩,外野手,1989/04/11,27,9,177,90,AB,右左,千葉,"8,500"
広,10,岩本　貴裕,外野手,1986/04/18,30,8,182,96,A,左左,広島,"1,500"
広,11,福井　優也,投手,1988/02/08,28,6,178,80,A,右右,岡山,"4,200"
広,12,九里　亜蓮,投手,1991/09/01,24,3,187,92,A,右右,鳥取,"1,560"
広,13,プライディ,外野手,1983/10/09,32,1,185,93,不明,右左,アメリカ,"5,700"
広,14,大瀬良　大地,投手,1991/06/17,25,3,187,93,AB,右右,長崎,"4,600"
広,15,黒田　博樹,投手,1975/02/10,41,13,185,93,B,右右,大阪,"60,000"
広,16,今村　猛,投手,1991/04/17,25,7,183,95,B,右右,長崎,"3,650"
広,17,岡田　明丈,投手,1993/10/18,22,1,185,80,AB,右左,東京,"1,500"
広,19,野村　祐輔,投手,1989/06/24,27,5,177,82,AB,右右,岡山,"5,200"
広,20,永川　勝浩,投手,1980/12/14,35,14,188,98,O,右右,広島,"5,000"
広,21,中﨑　翔太,投手,1992/08/10,23,6,186,96,B,右右,鹿児島,"4,200"
広,22,中村　恭平,投手,1989/03/22,27,6,185,82,O,左左,福岡,800
広,23,薮田　和樹,投手,1992/08/07,23,2,188,84,B,右右,広島,"1,000"
広,24,横山　弘樹,投手,1992/03/12,24,1,187,86,O,右左,宮崎,"1,350"
広,25,新井　貴浩,内野手,1977/01/30,39,18,189,96,B,右右,広島,"6,000"
広,26,廣瀬　純,外野手,1979/03/29,37,16,181,85,B,右右,大分,"3,800"
広,27,會澤　翼,捕手,1988/04/13,28,10,177,91,B,右右,茨城,"2,300"
広,29,江草　仁貴,投手,1980/09/03,35,14,178,83,A,左左,広島,"1,700"
広,30,一岡　竜司,投手,1991/01/11,25,5,179,82,O,右右,福岡,"2,400"
広,31,石原　慶幸,捕手,1979/09/07,36,15,177,90,A,右右,岐阜,"10,000"
広,32,白濱　裕太,捕手,1985/10/31,30,13,180,92,A,右右,大阪,860
広,33,菊池　涼介,内野手,1990/03/11,26,5,171,69,A,右右,東京,"8,500"
広,34,中田　廉,投手,1990/07/21,25,8,189,91,AB,右右,大阪,"2,600"
広,35,下水流　昂,外野手,1988/04/23,28,4,178,88,A,右右,神奈川,810
広,36,塹江　敦哉,投手,1997/02/21,19,2,178,78,A,左左,香川,540
広,37,野間　峻祥,外野手,1993/01/28,23,2,180,80,B,右左,兵庫,"1,700"
広,38,赤松　真人,外野手,1982/09/06,33,12,182,75,O,右右,京都,"3,300"
広,39,飯田　哲矢,投手,1991/03/28,25,2,182,80,A,左左,神奈川,"1,000"
広,40,倉　義和,捕手,1975/07/27,40,19,179,90,O,右右,京都,"2,700"
広,41,藤井　皓哉,投手,1996/07/29,19,2,181,83,AB,右左,岡山,540
広,42,ジョンソン,投手,1984/10/14,31,2,193,93,不明,左左,アメリカ,"15,000"
広,43,土生　翔平,外野手,1989/08/16,26,5,180,87,O,右左,広島,690
広,44,松山　竜平,外野手,1985/09/18,30,9,176,95,B,右左,鹿児島,"2,800"
広,45,桒原　樹,内野手,1996/07/04,19,2,180,74,O,右左,静岡,540
広,46,高橋　樹也,投手,1997/06/21,19,1,176,75,A,左左,岩手,540
広,47,小野　淳平,投手,1987/04/05,29,7,178,82,B,右右,大分,"1,400"
広,48,西原　圭大,投手,1988/09/29,27,3,179,81,B,右右,愛媛,790
広,49,天谷　宗一郎,外野手,1983/11/08,32,15,178,87,O,左左,福井,"2,300"
広,50,髙橋　大樹,外野手,1994/05/11,22,4,181,85,O,右右,大阪,650
広,51,鈴木　誠也,外野手,1994/08/18,21,4,181,87,A,右右,東京,"1,700"
広,52,庄司　隼人,内野手,1991/06/21,25,7,175,76,A,右左,静岡,580
広,53,戸田　隆矢,投手,1993/06/10,23,5,181,72,A,左左,兵庫,"1,970"
広,54,船越　涼太,捕手,1993/11/26,22,1,178,83,O,右右,千葉,800
広,55,エルドレッド,内野手,1980/07/12,35,5,196,122,不明,右右,アメリカ,"12,500"
広,56,辻　空,投手,1994/04/24,22,4,184,84,O,右右,岐阜,460
広,57,オスカル,投手,1991/03/28,25,1,178,78,O,左左,ブラジル,800
広,58,ジャクソン,投手,1987/10/27,28,1,185,88,不明,右右,アメリカ,"7,260"
広,59,美間　優槻,内野手,1994/05/26,22,4,177,90,B,右右,徳島,600
広,60,安部　友裕,内野手,1989/06/24,27,9,181,81,O,右左,福岡,"1,080"
広,61,磯村　嘉孝,捕手,1992/11/01,23,6,178,89,A,右右,愛知,615
広,62,今井　啓介,投手,1987/05/24,29,11,183,89,B,右右,新潟,"1,400"
広,63,西川　龍馬,内野手,1994/12/10,21,1,176,68,O,右左,大阪,750
広,64,多田　大輔,捕手,1996/05/25,20,2,189,92,B,右右,徳島,490
広,65,久本　祐一,投手,1979/03/14,37,15,177,83,O,左左,大阪,"1,000"
広,66,ヘーゲンズ,投手,1989/05/12,27,1,190,95,不明,右右,アメリカ,"5,700"
広,67,中村　祐太,投手,1995/08/31,20,3,182,80,A,右右,東京,460
広,68,中村　亘佑,捕手,1991/04/02,25,7,181,87,O,右右,神奈川,460
広,69,青木　陸,内野手,1997/11/11,18,1,181,87,B,右右,山形,420
広,98,佐藤　祥万,投手,1989/08/18,26,9,172,78,B,左左,栃木,600
広,121,松浦　耕大,捕手,1993/04/06,23,2,175,78,O,右右,福岡,380
広,123,木村　聡司,内野手,1996/05/06,20,2,180,78,B,右右,静岡,320
広,145,バティスタ,内野手,1992/01/18,24,1,189,115,不明,右右,ドミニカ共和国,235
広,146,メヒア,内野手,1993/03/10,23,1,192,102,不明,右右,ドミニカ共和国,234
巨,0,藤村　大介,内野手,1989/07/25,26,9,174,74,AB,右左,熊本,"1,125"
巨,00,寺内　崇幸,内野手,1983/05/27,33,10,177,73,B,右右,栃木,"2,600"
巨,001,篠原　慎平,投手,1990/06/13,26,2,186,97,A,右左,愛媛,260
巨,002,田原　啓吾,投手,1994/06/12,22,4,182,95,A,左左,神奈川,280
巨,2,脇谷　亮太,内野手,1981/11/04,34,11,177,77,A,右左,大分,"2,400"
巨,003,ペレス,投手,1991/11/20,24,2,189,100,不明,左左,ドミニカ共和国,500
巨,004,川相　拓也,内野手,1990/11/25,25,2,174,72,O,右右,神奈川,270
巨,5,ギャレット,外野手,1981/06/21,35,1,196,107,不明,左左,アメリカ,"30,000"
巨,005,田中　貴也,捕手,1992/08/27,23,2,178,80,O,右左,京都,250
巨,6,坂本　勇人,内野手,1988/12/14,27,10,186,83,AB,右右,兵庫,"25,000"
巨,006,芳川　庸,捕手,1993/08/18,22,5,183,86,A,右右,京都,280
巨,007,髙橋　洸,外野手,1993/04/30,23,5,184,77,A,右右,新潟,510
巨,7,長野　久義,外野手,1984/12/06,31,7,180,85,O,右右,佐賀,"17,500"
巨,8,片岡　治大,内野手,1983/02/17,33,12,176,78,O,右右,千葉,"8,600"
巨,008,青山　誠,外野手,1991/11/01,24,3,185,85,O,右右,兵庫,240
巨,009,長江　翔太,外野手,1991/10/08,24,3,190,98,O,右左,大阪,250
巨,9,亀井　善行,外野手,1982/07/28,33,12,178,82,AB,右左,奈良,"7,000"
巨,10,阿部　慎之助,内野手,1979/03/20,37,16,180,97,A,右左,千葉,"32,600"
巨,010,髙橋　慎之介,投手,1994/07/25,21,2,187,90,A,右左,千葉,250
巨,11,クルーズ,内野手,1984/02/10,32,3,183,95,不明,右右,メキシコ,"24,400"
巨,011,北之園　隆生,外野手,1995/04/12,21,3,180,88,AB,右左,鹿児島,250
巨,12,鈴木　尚広,外野手,1978/04/27,38,20,180,78,A,右両,福島,"6,000"
巨,012,成瀬　功亮,投手,1992/08/19,23,6,182,84,A,右右,北海道,260
巨,13,香月　良太,投手,1982/07/27,33,13,180,85,A,右右,福岡,"3,900"
巨,013,田中　太一,投手,1993/02/27,23,6,181,85,O,右右,大分,510
巨,15,澤村　拓一,投手,1988/04/03,28,6,184,101,A,右右,栃木,"10,000"
巨,015,増田　大輝,内野手,1993/07/29,22,1,172,65,A,右右,徳島,240
巨,016,小林　大誠,捕手,1994/01/15,22,1,180,82,O,右左,青森,240
巨,17,大竹　寛,投手,1983/05/21,33,15,184,92,B,右右,埼玉,"10,000"
巨,18,杉内　俊哉,投手,1980/10/30,35,15,175,82,A,左左,福岡,"5,000"
巨,018,田島　洸成,内野手,1996/07/13,19,1,175,78,A,右左,埼玉,240
巨,19,菅野　智之,投手,1989/10/11,26,4,186,92,A,右右,神奈川,"13,000"
巨,019,大竹　秀義,投手,1988/07/26,27,1,180,87,AB,右右,埼玉,240
巨,020,橋本　篤郎,投手,1998/02/24,18,1,178,82,B,左左,熊本,240
巨,20,マシソン,投手,1984/02/27,32,5,191,104,不明,右右,カナダ,"18,500"
巨,021,矢島　陽平,投手,1990/06/16,26,1,179,82,AB,右右,埼玉,240
巨,21,桜井　俊貴,投手,1993/10/21,22,1,181,82,AB,右右,兵庫,"1,500"
巨,022,ソリマン,投手,1989/08/11,26,1,188,100,不明,右右,ドミニカ共和国,300
巨,22,小林　誠司,捕手,1989/06/07,27,3,178,80,O,右右,大阪,"2,600"
巨,023,坂口　真規,内野手,1990/09/29,25,4,187,95,A,右右,和歌山,500
巨,23,相川　亮二,捕手,1976/07/11,39,22,183,86,A,右右,千葉,"5,500"
巨,024,田中　大輝,投手,1992/08/07,23,2,182,80,O,左左,熊本,800
巨,025,アダメス,投手,1994/09/27,21,1,193,95,不明,右右,ドミニカ共和国,220
巨,25,村田　修一,内野手,1980/12/28,35,14,177,92,AB,右右,福岡,"30,000"
巨,26,内海　哲也,投手,1982/04/29,34,13,186,95,A,左左,京都,"40,000"
巨,27,實松　一成,捕手,1981/01/18,35,18,177,85,A,右右,佐賀,"3,700"
巨,28,ガブリエル,投手,1989/05/11,27,1,180,87,不明,左左,ベネズエラ,900
巨,28,高木　京介,投手,1989/09/05,26,5,183,86,AB,左左,石川,900
巨,30,宮國　椋丞,投手,1992/04/17,24,6,186,84,B,右右,沖縄,"1,900"
巨,31,松本　哲也,外野手,1984/07/03,31,10,168,66,O,左左,山梨,"2,400"
巨,32,橋本　到,外野手,1990/04/28,26,8,172,78,O,右左,宮城,"2,600"
巨,33,アブレイユ,外野手,1989/10/24,26,3,190,85,不明,右右,ドミニカ共和国,500
巨,35,西村　健太朗,投手,1985/05/10,31,13,184,94,A,右右,広島,"13,000"
巨,36,中井　大介,内野手,1989/11/27,26,9,182,85,B,右右,三重,"1,440"
巨,37,田原　誠次,投手,1989/09/02,26,5,180,80,A,右左,宮崎,"1,800"
巨,38,岡本　和真,内野手,1996/06/30,20,2,184,96,A,右右,奈良,"1,400"
巨,39,マイコラス,投手,1988/08/23,27,2,196,100,不明,右右,アメリカ,"24,000"
巨,40,加藤　健,捕手,1981/03/23,35,18,186,93,A,右右,新潟,"3,500"
巨,42,アンダーソン,外野手,1982/03/30,34,3,185,93,不明,左左,キューバ,"5,500"
巨,43,重信　慎之介,外野手,1993/04/17,23,1,173,70,A,右左,千葉,"1,200"
巨,44,大田　泰示,外野手,1990/06/09,26,8,188,95,O,右右,広島,"2,100"
巨,45,今村　信貴,投手,1994/03/15,22,5,180,84,AB,左左,大阪,950
巨,46,與那原　大剛,投手,1998/03/09,18,1,190,89,A,右右,沖縄,600
巨,47,山口　鉄也,投手,1983/11/11,32,11,184,88,A,左左,神奈川,"32,000"
巨,48,矢貫　俊之,投手,1983/12/15,32,8,190,95,B,右右,福島,"2,200"
巨,49,ポレダ,投手,1986/10/01,29,2,198,109,不明,左左,アメリカ,"15,600"
巨,50,戸根　千明,投手,1992/10/17,23,2,173,93,A,左左,京都,"2,400"
巨,51,堂上　剛裕,外野手,1985/05/27,31,13,184,90,O,右左,愛知,"2,500"
巨,52,宇佐見　真吾,捕手,1993/06/04,23,1,181,87,O,右左,千葉,800
巨,53,河野　元貴,捕手,1991/06/14,25,7,180,83,B,右左,福岡,670
巨,54,高木　勇人,投手,1989/07/13,26,2,178,90,A,右右,三重,"4,200"
巨,56,山本　泰寛,内野手,1993/10/10,22,1,176,76,B,右右,東京,800
巨,57,公文　克彦,投手,1992/03/04,24,4,173,78,A,左左,高知,850
巨,58,立岡　宗一郎,外野手,1990/05/18,26,8,181,81,A,右左,熊本,"3,600"
巨,59,小山　雄輝,投手,1988/12/05,27,6,187,82,O,右右,愛知,"2,800"
巨,60,乾　真大,投手,1988/12/08,27,6,176,80,A,左左,兵庫,930
巨,61,和田　恋,内野手,1995/09/26,20,3,180,84,O,右右,高知,780
巨,62,江柄子　裕樹,投手,1986/11/14,29,5,184,82,B,右右,東京,"1,230"
巨,64,鬼屋敷　正人,捕手,1991/06/19,25,7,178,84,O,右右,三重,620
巨,65,辻　東倫,内野手,1994/08/11,21,4,181,83,B,右左,三重,710
巨,66,北　篤,外野手,1988/11/26,27,10,182,88,A,右左,石川,790
巨,67,土田　瑞起,投手,1990/01/01,26,5,181,90,O,右右,長崎,"1,000"
巨,68,吉川　大幾,内野手,1992/08/21,23,6,175,73,A,右両,大阪,"1,700"
巨,69,松崎　啄也,捕手,1992/01/20,24,1,174,90,O,右右,栃木,800
巨,79,ガルシア,外野手,1993/03/02,23,1,185,76,不明,右右,キューバ,"1,000"
巨,90,田口　麗斗,投手,1995/09/14,20,3,171,80,B,左左,広島,"1,800"
巨,91,中川　皓太,投手,1994/02/24,22,1,183,83,A,左左,大阪,800
巨,92,平良　拳太郎,投手,1995/07/12,20,3,181,77,O,右右,沖縄,600
巨,93,巽　大介,投手,1997/04/26,19,1,183,84,AB,左左,鳥取,540
巨,94,メンドーサ,投手,1994/03/05,22,3,190,80,不明,右右,キューバ,"1,400"
巨,95,ウーゴ,投手,1989/05/22,27,5,181,85,A,左左,ブラジル,400
巨,96,長谷川　潤,投手,1991/06/15,25,1,186,74,B,右右,東京,240
巨,99,阿南　徹,投手,1984/07/28,31,7,182,80,O,左左,大分,"1,000"
阪,0,大和,外野手,1987/11/05,28,11,177,68,A,右右,鹿児島,"5,300"
阪,00,柴田　講平,外野手,1986/07/17,29,8,177,78,A,左左,福岡,950
阪,1,鳥谷　敬,内野手,1981/06/26,35,13,180,79,B,右左,東京,"40,000"
阪,2,北條　史也,内野手,1994/07/29,21,4,177,76,O,右右,大阪,730
阪,4,上本　博紀,内野手,1986/07/04,29,8,173,67,O,右右,広島,"3,600"
阪,5,ゴメス,内野手,1984/09/07,31,3,188,104,不明,右右,ドミニカ共和国,"20,000"
阪,7,西岡　剛,内野手,1984/07/27,31,12,182,82,A,右両,大阪,"10,800"
阪,8,福留　孝介,外野手,1977/04/26,39,13,182,92,B,右左,鹿児島,"20,000"
阪,9,髙山　俊,外野手,1993/04/18,23,1,181,86,O,右左,千葉,"1,500"
阪,12,坂本　誠志郎,捕手,1993/11/10,22,1,176,78,O,右右,兵庫,"1,200"
阪,13,榎田　大樹,投手,1986/08/07,29,6,181,89,AB,左左,鹿児島,"3,200"
阪,14,能見　篤史,投手,1979/05/28,37,12,180,73,AB,左左,兵庫,"14,000"
阪,15,横山　雄哉,投手,1994/02/21,22,2,183,84,O,左左,山形,"1,500"
阪,16,安藤　優也,投手,1977/12/27,38,15,184,96,O,右右,大分,"8,200"
阪,17,岩貞　祐太,投手,1991/09/05,24,3,183,79,A,左左,熊本,"1,600"
阪,18,藤川　球児,投手,1980/07/21,35,15,184,86,A,右左,高知,"20,000"
阪,19,藤浪　晋太郎,投手,1994/04/12,22,4,197,89,A,右右,大阪,"17,000"
阪,20,筒井　和也,投手,1981/10/05,34,13,184,90,O,左右,愛媛,"2,200"
阪,21,岩田　稔,投手,1983/10/31,32,11,179,95,O,左左,大阪,"6,800"
阪,24,横田　慎太郎,外野手,1995/06/09,21,3,186,92,O,左左,鹿児島,720
阪,25,江越　大賀,外野手,1993/03/12,23,2,182,80,O,右右,長崎,"1,600"
阪,26,歳内　宏明,投手,1993/07/19,22,5,184,89,B,右右,兵庫,"1,600"
阪,27,秋山　拓巳,投手,1991/04/26,25,7,188,98,A,右左,香川,"1,000"
阪,28,福原　忍,投手,1976/12/28,39,18,180,96,O,右右,広島,"15,000"
阪,29,小嶋　達也,投手,1985/10/07,30,10,182,81,A,左左,大阪,800
阪,30,石崎　剛,投手,1990/09/09,25,2,183,85,O,右右,茨城,"1,180"
阪,32,新井　良太,内野手,1983/08/16,32,11,188,97,AB,右右,広島,"2,700"
阪,33,西田　直斗,内野手,1993/04/26,23,5,186,78,O,右左,大阪,580
阪,34,高宮　和也,投手,1981/12/04,34,11,174,80,A,左左,大阪,"3,000"
阪,35,坂　克彦,内野手,1985/09/06,30,13,180,84,A,右左,茨城,"2,300"
阪,36,ヘイグ,内野手,1985/08/20,30,1,191,102,不明,右右,アメリカ,"8,000"
阪,37,森越　祐人,内野手,1988/08/11,27,6,178,70,A,右右,愛知,600
阪,38,マテオ,投手,1984/04/18,32,1,188,107,不明,右右,ドミニカ共和国,"7,500"
阪,39,小宮山　慎二,捕手,1985/11/26,30,13,178,86,A,右右,神奈川,"1,200"
阪,40,鶴岡　一成,捕手,1977/05/30,39,21,184,85,A,右右,兵庫,"4,200"
阪,41,髙橋　聡文,投手,1983/05/29,33,15,176,85,A,左左,福井,"3,000"
阪,42,竹安　大知,投手,1994/09/27,21,1,183,80,O,右右,静岡,840
阪,43,守屋　功輝,投手,1993/11/25,22,2,183,87,A,右右,岡山,800
阪,44,梅野　隆太郎,捕手,1991/06/17,25,3,173,74,A,右右,福岡,"1,500"
阪,45,清水　誉,捕手,1984/04/23,32,10,178,77,A,右右,兵庫,"1,150"
阪,46,鶴　直人,投手,1987/04/25,29,11,180,76,A,右左,大阪,"1,300"
阪,47,山本　翔也,投手,1988/10/12,27,3,183,87,O,左左,福井,600
阪,48,金田　和之,投手,1990/09/18,25,4,184,83,O,右右,鹿児島,"1,500"
阪,49,今成　亮太,内野手,1987/10/06,28,11,178,76,O,右左,埼玉,"4,000"
阪,50,青柳　晃洋,投手,1993/12/11,22,1,181,79,B,右右,神奈川,720
阪,51,伊藤　隼太,外野手,1989/05/08,27,5,177,83,O,右左,愛知,"1,700"
阪,52,小豆畑　眞也,捕手,1988/07/22,27,4,181,78,A,右右,岐阜,700
阪,54,メッセンジャー,投手,1981/08/13,34,7,198,121,不明,右右,アメリカ,"30,000"
阪,55,陽川　尚将,内野手,1991/07/17,24,3,180,85,O,右右,大阪,800
阪,56,松田　遼馬,投手,1994/02/08,22,5,184,91,A,右右,長崎,"1,200"
阪,57,岡﨑　太一,捕手,1983/06/20,33,12,180,83,O,右右,奈良,850
阪,58,荒木　郁也,内野手,1988/04/25,28,6,183,70,B,右左,東京,800
阪,59,岩本　輝,投手,1992/10/21,23,6,182,82,O,右左,山口,800
阪,60,中谷　将大,外野手,1993/01/05,23,6,187,87,A,右右,福岡,700
阪,61,望月　惇志,投手,1997/08/02,18,1,188,84,AB,右右,神奈川,500
阪,62,植田　海,内野手,1996/04/19,20,2,175,70,O,右右,滋賀,500
阪,63,板山　祐太郎,外野手,1994/03/27,22,1,180,79,B,右左,神奈川,720
阪,64,桑原　謙太朗,投手,1985/10/29,30,9,183,84,O,右右,三重,900
阪,65,緒方　凌介,外野手,1990/08/25,25,4,176,69,O,右左,大阪,800
阪,66,二神　一人,投手,1987/06/03,29,7,185,88,AB,右右,高知,900
阪,67,岩崎　優,投手,1991/06/19,25,3,185,88,B,左左,静岡,"2,000"
阪,68,俊介,外野手,1987/08/17,28,7,178,72,A,右右,福岡,"2,700"
阪,69,島本　浩也,投手,1993/02/14,23,6,176,68,B,左左,奈良,720
阪,92,伊藤　和雄,投手,1989/12/13,26,5,186,95,A,右右,埼玉,550
阪,94,原口　文仁,捕手,1992/03/03,24,7,182,86,AB,右右,埼玉,400
阪,95,ペレス,外野手,1987/11/16,28,2,191,102,不明,右左,ドミニカ共和国,"2,000"
阪,97,田面　巧二郎,投手,1990/12/09,25,4,179,89,A,右右,群馬,480
阪,98,ドリス,投手,1988/01/10,28,1,195,109,不明,右右,ドミニカ共和国,"5,000"
阪,99,狩野　恵輔,外野手,1982/12/17,33,16,181,81,B,右右,群馬,"2,300"
阪,118,トラヴィス,投手,1993/10/09,22,5,193,82,O,右右,沖縄,360
阪,123,一二三　慎太,外野手,1992/09/29,23,6,187,91,A,右右,大阪,570
中,00,エルナンデス,内野手,1982/10/30,33,3,178,87,不明,右両,ドミニカ共和国,"4,500"
中,1,友永　翔太,外野手,1991/04/01,25,2,170,74,O,右左,神奈川,750
中,2,荒木　雅博,内野手,1977/09/13,38,21,180,74,A,右右,熊本,"8,800"
中,3,高橋　周平,内野手,1994/01/18,22,5,180,85,O,右左,神奈川,"1,600"
中,4,藤井　淳志,外野手,1981/05/20,35,11,182,81,O,右両,愛知,"4,200"
中,5,阿部　寿樹,内野手,1989/12/03,26,1,185,80,B,右右,岩手,"1,000"
中,6,平田　良介,外野手,1988/03/23,28,11,177,88,B,右右,大阪,"7,000"
中,7,森野　将彦,内野手,1978/07/28,37,20,180,85,AB,右左,神奈川,"14,000"
中,8,大島　洋平,外野手,1985/11/09,30,7,176,74,A,左左,愛知,"9,000"
中,9,石川　駿,内野手,1990/05/26,26,2,178,82,A,右右,滋賀,750
中,11,小笠原　慎之介,投手,1997/10/08,18,1,180,83,A,左左,神奈川,"1,500"
中,12,田島　慎二,投手,1989/12/21,26,5,181,84,B,右右,愛知,"4,200"
中,13,岩瀬　仁紀,投手,1974/11/10,41,18,181,85,AB,左左,愛知,"5,000"
中,14,佐藤　優,投手,1993/06/29,23,1,187,85,O,右左,宮城,"1,000"
中,16,又吉　克樹,投手,1990/11/04,25,3,180,74,A,右右,沖縄,"4,500"
中,17,雄太,投手,1980/06/17,36,12,178,77,O,左左,長野,"2,300"
中,18,鈴木　翔太,投手,1995/06/16,21,3,183,74,O,右右,静岡,600
中,19,吉見　一起,投手,1984/09/19,31,11,182,91,A,右右,京都,"8,900"
中,20,野村　亮介,投手,1993/07/09,22,2,187,85,A,右右,静岡,"1,130"
中,21,岡田　俊哉,投手,1991/12/05,24,7,179,65,A,左左,和歌山,"3,400"
中,22,大野　雄大,投手,1988/09/26,27,6,183,78,O,左左,京都,"10,800"
中,23,遠藤　一星,内野手,1989/03/23,27,2,182,78,O,右左,東京,"1,500"
中,24,福谷　浩司,投手,1991/01/09,25,4,183,90,B,右右,愛知,"4,000"
中,25,武藤　祐太,投手,1989/06/14,27,6,178,85,O,右右,埼玉,"1,600"
中,26,井領　雅貴,外野手,1989/11/04,26,2,174,82,O,右左,千葉,750
中,28,岩田　慎司,投手,1987/01/27,29,8,181,80,B,右左,岐阜,"1,150"
中,29,山井　大介,投手,1978/05/10,38,15,179,82,A,右右,大阪,"12,000"
中,30,阿知羅　拓馬,投手,1992/11/20,23,3,190,95,B,右右,大阪,507
中,31,野本　圭,外野手,1984/07/07,31,8,180,81,B,左左,岡山,"1,300"
中,32,西川　健太郎,投手,1993/04/18,23,5,184,73,A,右右,石川,580
中,33,祖父江　大輔,投手,1987/08/11,28,3,175,78,B,右左,愛知,"2,600"
中,34,福　敬登,投手,1992/06/16,24,1,178,87,O,左左,兵庫,"1,000"
中,35,木下　拓哉,捕手,1991/12/18,24,1,183,92,B,右右,高知,"1,000"
中,36,石岡　諒太,内野手,1992/05/25,24,1,187,90,A,左左,兵庫,"1,000"
中,37,三ツ俣　大樹,内野手,1992/05/11,24,6,177,80,O,右右,東京,750
中,38,松井　雅人,捕手,1987/11/19,28,7,179,78,A,右左,群馬,"1,800"
中,39,加藤　匠馬,捕手,1992/04/29,24,2,175,74,B,右右,三重,610
中,40,桂　依央利,捕手,1991/07/09,24,3,185,83,B,右右,大阪,"1,200"
中,41,浅尾　拓也,投手,1984/10/22,31,10,182,75,A,右右,愛知,"9,800"
中,42,ハイメ,投手,1987/08/02,28,1,188,106,不明,右右,ドミニカ共和国,"3,000"
中,43,濱田　達郎,投手,1994/08/04,21,4,184,90,O,左左,愛知,"1,300"
中,44,バルデス,投手,1977/11/27,38,2,180,95,A,左左,キューバ,"4,800"
中,45,杉山　翔大,捕手,1991/02/10,25,4,173,88,O,右右,千葉,"1,500"
中,46,古本　武尊,外野手,1990/12/04,25,4,176,87,B,右左,福岡,460
中,47,浜田　智博,投手,1992/10/01,23,2,183,75,O,左左,宮崎,750
中,48,溝脇　隼人,内野手,1994/05/17,22,4,178,70,O,右左,熊本,520
中,50,金子　丈,投手,1993/02/25,23,2,189,90,A,右右,大阪,750
中,51,山本　雅士,投手,1994/11/03,21,2,173,78,AB,右左,広島,600
中,52,武山　真吾,捕手,1984/06/22,32,14,179,88,O,右右,愛知,"1,200"
中,53,亀澤　恭平,内野手,1988/10/15,27,5,174,74,B,右左,岡山,"2,000"
中,54,ネイラー,投手,1986/05/31,30,2,196,105,不明,右右,オーストラリア,"3,000"
中,55,福田　永将,内野手,1988/07/23,27,10,181,80,O,右右,神奈川,"1,500"
中,56,松井　佑介,外野手,1987/07/10,28,7,183,83,O,右右,大阪,"1,300"
中,57,小川　龍也,投手,1991/09/03,24,7,182,70,A,左左,千葉,480
中,58,八木　智哉,投手,1983/11/07,32,11,181,78,O,左左,神奈川,"2,000"
中,59,大場　翔太,投手,1985/06/27,31,9,182,85,A,右右,東京,"1,200"
中,60,ナニータ,外野手,1981/06/12,35,2,182,93,O,左左,ドミニカ共和国,"3,600"
中,61,若松　駿太,投手,1995/02/28,21,4,180,75,AB,右右,福岡,"3,600"
中,62,工藤　隆人,外野手,1981/03/30,35,12,171,73,A,左左,青森,"1,500"
中,63,堂上　直倫,内野手,1988/09/23,27,10,184,82,O,右右,愛知,"1,800"
中,64,小熊　凌祐,投手,1990/08/11,25,8,180,80,B,右右,滋賀,"1,200"
中,65,伊藤　準規,投手,1991/01/07,25,8,187,80,B,右左,愛知,675
中,66,ビシエド,外野手,1989/03/10,27,1,185,108,不明,右右,キューバ,"17,000"
中,68,赤田　龍一郎,捕手,1988/01/07,28,7,178,80,B,右左,愛知,440
中,69,赤坂　和幸,外野手,1989/09/04,26,9,185,83,B,右右,神奈川,"1,300"
中,70,谷　哲也,内野手,1985/07/09,30,9,180,78,A,右右,徳島,750
中,98,セプティモ,投手,1985/07/07,30,1,186,91,不明,左左,ドミニカ共和国,"1,000"
中,99,ジョーダン,投手,1986/12/08,29,1,183,88,B,左左,ドミニカ共和国,"3,000"
中,201,川崎　貴弘,投手,1993/08/02,22,5,187,85,A,右右,三重,440
中,202,岸本　淳希,投手,1996/02/19,20,3,181,79,A,右右,福井,300
中,203,中川　誠也,投手,1993/12/03,22,1,178,81,A,左左,三重,300
中,205,吉田　嵩,投手,1996/07/08,19,1,185,83,A,右右,長崎,300
中,206,三ツ間　卓也,投手,1992/07/22,23,1,183,92,A,右右,群馬,300
中,207,藤吉　優,捕手,1996/08/07,19,2,180,74,A,右左,福岡,300
中,208,西濵　幹紘,投手,1993/08/04,22,1,174,78,A,右右,三重,300
中,210,呉屋　開斗,投手,1997/09/30,18,1,180,75,A,左左,兵庫,300
中,211,石垣　幸大,投手,1996/08/08,19,2,180,76,O,右右,三重,300
中,212,渡辺　勝,外野手,1993/10/14,22,1,172,80,A,右左,神奈川,300
中,213,近藤　弘基,外野手,1993/02/12,23,2,179,78,A,右右,愛知,300
中,215,多村　仁志,外野手,1977/03/28,39,22,180,80,B,右右,神奈川,300
横,00,久保　裕也,投手,1980/05/23,36,14,177,78,B,右右,福岡,"1,500"
横,0,山崎　憲晴,内野手,1986/12/13,29,8,176,82,O,右右,静岡,"2,200"
横,1,熊原　健人,投手,1993/10/19,22,1,178,85,O,右左,宮城,"1,200"
横,2,ロペス,内野手,1983/11/24,32,4,183,103,不明,右右,ベネズエラ,"15,000"
横,3,梶谷　隆幸,外野手,1988/08/28,27,10,180,85,A,右左,島根,"8,300"
横,4,荒波　翔,外野手,1986/01/25,30,6,179,78,A,右左,神奈川,"4,000"
横,5,倉本　寿彦,内野手,1991/01/07,25,2,180,82,B,右左,神奈川,"1,600"
横,6,白崎　浩之,内野手,1990/08/20,25,4,184,89,O,右右,北海道,"2,000"
横,7,石川　雄洋,内野手,1986/07/10,29,12,183,78,O,右左,静岡,"7,000"
横,9,黒羽根　利規,捕手,1987/06/02,29,11,178,88,A,右右,神奈川,"2,600"
横,10,戸柱　恭孝,捕手,1990/04/11,26,1,178,88,A,右左,鹿児島,950
横,11,山口　俊,投手,1987/07/11,28,11,187,97,O,右右,大分,"8,000"
横,12,小林　寛,投手,1989/01/21,27,6,180,87,AB,右右,広島,"1,070"
横,13,柿田　裕太,投手,1992/08/27,23,3,182,88,A,右右,長野,"1,000"
横,14,石田　健大,投手,1993/03/01,23,2,180,85,O,左左,広島,"1,800"
横,15,井納　翔一,投手,1986/05/01,30,4,188,91,A,右右,東京,"4,500"
横,16,加賀　繁,投手,1985/04/13,31,7,182,84,B,右右,埼玉,"2,900"
横,17,三嶋　一輝,投手,1990/05/07,26,4,176,80,A,右両,福岡,"2,500"
横,18,三浦　大輔,投手,1973/12/25,42,25,183,88,B,右右,奈良,"12,500"
横,19,山﨑　康晃,投手,1992/10/02,23,2,177,83,O,右右,東京,"5,000"
横,20,須田　幸太,投手,1986/07/31,29,6,176,78,AB,右右,茨城,"1,900"
横,21,今永　昇太,投手,1993/09/01,22,1,177,80,A,左左,福岡,"1,500"
横,22,高崎　健太郎,投手,1985/06/24,31,10,176,82,O,右右,熊本,"3,300"
横,23,内村　賢介,内野手,1986/03/17,30,9,163,65,B,右両,東京,"2,200"
横,24,林　昌範,投手,1983/09/19,32,15,186,80,O,左左,千葉,"4,100"
横,25,筒香　嘉智,外野手,1991/11/26,24,7,185,97,A,右左,和歌山,"10,000"
横,26,井手　正太郎,外野手,1983/10/10,32,15,179,85,O,右右,宮崎,"1,250"
横,27,久保　康友,投手,1980/08/06,35,12,180,81,B,右右,奈良,"12,000"
横,28,福地　元春,投手,1990/06/21,26,2,182,94,O,左左,沖縄,950
横,30,飯塚　悟史,投手,1996/10/11,19,2,188,85,A,右左,新潟,510
横,31,柴田　竜拓,内野手,1993/12/16,22,1,167,68,O,右左,岡山,"1,000"
横,32,髙城　俊人,捕手,1993/05/03,23,5,176,86,AB,右右,福岡,"1,300"
横,33,乙坂　智,外野手,1994/01/06,22,5,182,83,O,右左,神奈川,"1,050"
横,34,平田　真吾,投手,1989/08/29,26,3,182,80,A,右右,山口,"1,300"
横,35,三上　朋也,投手,1989/04/10,27,3,190,90,AB,右右,岐阜,"3,000"
横,36,柳田　殖生,内野手,1982/03/31,34,11,180,85,A,右右,兵庫,"1,100"
横,37,桑原　将志,外野手,1993/07/21,22,5,174,78,B,右右,大阪,"1,300"
横,38,山下　幸輝,内野手,1993/01/31,23,2,173,72,B,右左,千葉,840
横,39,嶺井　博希,捕手,1991/06/04,25,3,175,85,B,右両,沖縄,"1,500"
横,40,飛雄馬,内野手,1991/03/17,25,5,181,88,B,右右,大阪,"1,050"
横,41,大原　慎司,投手,1985/06/30,31,6,174,66,A,左左,茨城,"2,900"
横,42,エリアン,内野手,1985/02/01,31,1,180,93,不明,右両,ドミニカ共和国,"8,000"
横,43,安部　建輝,投手,1986/09/03,29,4,178,85,O,右右,大阪,800
横,44,渡邊　雄貴,外野手,1993/04/09,23,5,180,79,O,右右,岡山,550
横,45,綾部　翔,投手,1997/04/25,19,1,189,90,O,右右,茨城,550
横,46,田中　健二朗,投手,1989/09/18,26,9,179,75,B,左左,愛知,"1,800"
横,47,砂田　毅樹,投手,1995/07/20,20,3,179,75,B,左左,北海道,"1,300"
横,48,山下　峻,投手,1991/08/19,24,3,182,80,A,左左,広島,670
横,49,モスコーソ,投手,1983/11/14,32,3,185,91,不明,右右,ベネズエラ,"13,000"
横,50,下園　辰哉,外野手,1984/11/22,31,10,179,81,B,左左,宮崎,"2,300"
横,51,宮﨑　敏郎,内野手,1988/12/12,27,4,172,85,B,右右,佐賀,"1,200"
横,52,ロマック,内野手,1985/09/30,30,1,188,100,不明,右右,カナダ,"7,500"
横,53,エレラ,投手,1981/04/28,35,2,188,98,不明,右右,キューバ,"2,925"
横,54,小杉　陽太,投手,1985/12/08,30,8,187,78,O,右右,東京,"1,200"
横,55,後藤Ｇ武敏,内野手,1980/06/05,36,14,176,84,A,右右,静岡,"2,200"
横,56,長田　秀一郎,投手,1980/05/06,36,14,179,80,O,右右,神奈川,"4,500"
横,57,青柳　昴樹,外野手,1997/05/19,19,1,182,84,A,右右,大阪,500
横,58,野川　拓斗,投手,1991/09/06,24,1,170,73,B,左左,埼玉,800
横,60,白根　尚貴,内野手,1993/04/28,23,5,186,90,A,右右,島根,450
横,61,松本　啓二朗,外野手,1986/06/24,30,8,182,85,O,左左,千葉,"1,500"
横,62,萬谷　康平,投手,1987/08/28,28,3,185,78,B,右左,大阪,800
横,63,関根　大気,外野手,1995/06/28,21,3,173,80,A,左左,愛知,"1,050"
横,64,百瀬　大騎,内野手,1997/03/11,19,2,175,70,A,右左,長野,510
横,65,国吉　佑樹,投手,1991/09/24,24,7,196,100,A,右右,大阪,"2,400"
横,66,西森　将司,捕手,1987/12/29,28,5,182,80,A,右両,京都,610
横,67,ペトリック,投手,1989/07/29,26,1,191,88,不明,右右,アメリカ,"5,000"
横,68,藤岡　好明,投手,1985/03/12,31,11,177,81,O,右左,大阪,"1,200"
横,69,ザガースキー,投手,1983/01/27,33,2,183,109,不明,左左,アメリカ,"3,500"
横,100,網谷　圭将,捕手,1997/10/03,18,1,183,83,O,右右,千葉,360
横,101,山本　武白志,内野手,1998/02/17,18,1,188,92,A,右右,神奈川,360
横,102,亀井　塔生,捕手,1997/02/19,19,2,180,75,O,右右,京都,360
横,103,田村　丈,投手,1992/11/20,23,1,185,86,不明,右右,兵庫,360
ヤ,0,比屋根　渉,外野手,1987/06/20,29,5,180,70,O,右右,沖縄,"2,000"
ヤ,00,ジェフン,外野手,1990/10/29,25,1,183,87,不明,右右,韓国,-
ヤ,1,山田　哲人,内野手,1992/07/16,23,6,180,76,O,右右,兵庫,"22,000"
ヤ,2,大引　啓次,内野手,1984/06/29,32,10,178,84,A,右右,大阪,"7,000"
ヤ,3,西浦　直亨,内野手,1991/04/11,25,3,178,75,B,右右,奈良,"1,250"
ヤ,4,バレンティン,外野手,1984/07/02,32,6,185,100,不明,右右,アンティル,"36,000"
ヤ,5,川端　慎吾,内野手,1987/10/16,28,11,185,86,O,右左,大阪,"16,000"
ヤ,7,田中　浩康,内野手,1982/05/24,34,12,177,77,O,右右,京都,"6,500"
ヤ,8,武内　晋一,内野手,1983/12/10,32,11,175,90,O,左左,兵庫,"1,900"
ヤ,9,飯原　誉士,外野手,1983/04/26,33,11,181,88,O,右右,栃木,"2,700"
ヤ,10,森岡　良介,内野手,1984/07/15,31,14,174,71,A,右左,大阪,"3,200"
ヤ,12,石山　泰稚,投手,1988/09/01,27,4,182,75,A,右右,秋田,"4,100"
ヤ,13,ペレス,投手,1985/01/20,31,1,183,97,不明,左左,ドミニカ共和国,"5,400"
ヤ,14,秋吉　亮,投手,1989/03/21,27,3,182,73,A,右右,東京,"6,800"
ヤ,16,原　樹理,投手,1993/07/19,22,1,180,79,A,右右,兵庫,"1,500"
ヤ,17,成瀬　善久,投手,1985/10/13,30,13,180,87,AB,左左,栃木,"14,400"
ヤ,18,杉浦　稔大,投手,1992/02/25,24,3,189,86,A,右右,北海道,"1,700"
ヤ,19,石川　雅規,投手,1980/01/22,36,15,167,73,A,左左,秋田,"20,000"
ヤ,20,山本　哲哉,投手,1985/09/04,30,7,179,77,A,右右,和歌山,"3,500"
ヤ,21,松岡　健一,投手,1982/06/07,34,12,181,85,AB,右右,熊本,"3,600"
ヤ,22,竹下　真吾,投手,1990/10/20,25,2,180,82,AB,左左,福岡,"1,400"
ヤ,24,荒木　貴裕,内野手,1987/07/26,28,7,180,84,AB,右右,富山,"2,000"
ヤ,25,館山　昌平,投手,1981/03/17,35,14,181,98,O,右右,神奈川,"12,000"
ヤ,26,久古　健太郎,投手,1986/05/16,30,6,181,82,A,左左,東京,"3,000"
ヤ,28,田中　雅彦,捕手,1982/01/09,34,13,175,78,A,右右,大阪,"1,800"
ヤ,29,小川　泰弘,投手,1990/05/16,26,4,171,80,A,右右,愛知,"10,000"
ヤ,30,西田　明央,捕手,1992/04/28,24,6,178,83,AB,右右,京都,860
ヤ,31,山崎　晃大朗,外野手,1993/08/11,22,1,173,68,O,左左,和歌山,800
ヤ,32,風張　蓮,投手,1993/02/26,23,2,182,88,AB,右右,岩手,"1,100"
ヤ,33,畠山　和洋,内野手,1982/09/13,33,16,180,96,O,右右,岩手,"13,000"
ヤ,34,デイビーズ,投手,1983/09/09,32,1,186,95,不明,右右,アメリカ,"7,200"
ヤ,35,田川　賢吾,投手,1994/05/22,22,4,189,79,O,右左,大阪,560
ヤ,36,廣岡　大志,内野手,1997/04/09,19,1,183,81,O,右右,大阪,600
ヤ,37,星野　雄大,捕手,1988/10/19,27,4,177,80,B,右右,岡山,760
ヤ,38,寺田　哲也,投手,1987/04/02,29,2,183,92,O,右右,栃木,950
ヤ,39,中元　勇作,投手,1988/12/12,27,2,178,74,B,左左,広島,790
ヤ,40,古野　正人,投手,1986/09/27,29,5,178,80,A,右右,兵庫,"1,800"
ヤ,41,雄平,外野手,1984/06/25,32,14,174,83,A,左左,神奈川,"6,500"
ヤ,42,坂口　智隆,外野手,1984/07/07,31,14,181,82,O,右左,兵庫,"3,000"
ヤ,43,村中　恭兵,投手,1987/10/25,28,11,188,88,B,左左,神奈川,"2,400"
ヤ,44,岩橋　慶侍,投手,1991/04/23,25,3,185,84,AB,左左,京都,950
ヤ,45,土肥　寛昌,投手,1990/11/16,25,2,181,88,O,右両,埼玉,790
ヤ,46,谷内　亮太,内野手,1991/02/03,25,4,177,79,B,右右,石川,"1,050"
ヤ,47,高橋　奎二,投手,1997/05/14,19,1,178,73,O,左左,京都,600
ヤ,48,ジュリアス,投手,1997/05/25,19,1,183,76,B,左左,沖縄,500
ヤ,49,渡邉　大樹,内野手,1997/06/07,19,1,182,87,O,右右,千葉,500
ヤ,50,上田　剛史,外野手,1988/10/02,27,10,180,73,B,右左,岡山,"2,500"
ヤ,51,藤井　亮太,捕手,1988/09/30,27,3,176,73,A,右左,兵庫,750
ヤ,52,中村　悠平,捕手,1990/06/17,26,8,176,83,A,右右,福井,"6,700"
ヤ,53,ルーキ,投手,1984/12/05,31,1,193,102,不明,右右,アメリカ,"3,600"
ヤ,54,中澤　雅人,投手,1985/02/16,31,7,179,80,AB,左左,富山,"2,160"
ヤ,55,山川　晃司,捕手,1996/11/15,19,2,184,87,A,右右,福岡,630
ヤ,56,奥村　展征,内野手,1995/05/26,21,3,178,76,O,右左,滋賀,550
ヤ,57,松井　淳,外野手,1987/11/27,28,7,177,88,O,右左,神奈川,890
ヤ,58,オンドルセク,投手,1985/02/13,31,2,203,104,不明,右右,アメリカ,"22,000"
ヤ,59,今浪　隆博,内野手,1984/07/06,31,10,172,75,A,右左,福岡,"1,950"
ヤ,60,三輪　正義,内野手,1984/01/23,32,9,168,70,A,右左,山口,"2,000"
ヤ,61,児山　祐斗,投手,1995/09/01,20,3,180,85,A,左左,岡山,550
ヤ,62,徳山　武陽,投手,1989/07/21,26,5,185,84,A,右両,兵庫,"1,580"
ヤ,63,井野　卓,捕手,1983/11/23,32,11,178,83,B,右右,群馬,770
ヤ,64,木谷　良平,投手,1989/04/07,27,5,181,85,A,右右,福岡,"1,260"
ヤ,65,原　泉,外野手,1992/07/26,23,2,190,100,A,右右,鹿児島,720
ヤ,66,新垣　渚,投手,1980/05/09,36,14,190,83,O,右右,沖縄,"2,800"
ヤ,68,山中　浩史,投手,1985/09/09,30,4,175,82,O,右右,熊本,"2,200"
ヤ,69,川上　竜平,外野手,1993/05/08,23,5,181,80,A,右右,沖縄,580
ヤ,70,八木　亮祐,投手,1990/09/29,25,8,180,73,O,左左,愛知,"2,000"
ヤ,91,鵜久森　淳志,外野手,1987/02/01,29,12,189,85,O,右右,愛媛,750
ヤ,111,中島　彰吾,投手,1992/06/15,24,2,178,80,A,右右,福岡,370
ヤ,121,由規,投手,1989/12/05,26,9,179,80,A,右左,宮城,"1,500"
ヤ,167,平井　諒,投手,1991/04/23,25,7,184,78,O,右右,和歌山,500
ソ,0,髙田　知季,内野手,1990/05/06,26,4,175,66,O,右左,兵庫,"2,100"
ソ,00,川瀬　晃,内野手,1997/09/15,18,1,175,63,B,右左,大分,480
ソ,1,内川　聖一,外野手,1982/08/04,33,16,185,93,B,右右,大分,"33,000"
ソ,2,今宮　健太,内野手,1991/07/15,24,7,171,73,O,右右,大分,"9,000"
ソ,4,金子　圭輔,内野手,1985/07/23,30,13,180,69,B,右両,千葉,"1,800"
ソ,5,松田　宣浩,内野手,1983/05/17,33,11,181,88,B,右右,滋賀,"22,000"
ソ,6,吉村　裕基,外野手,1984/06/14,32,14,183,92,B,右右,福岡,"5,000"
ソ,7,中村　晃,外野手,1989/11/05,26,9,176,84,O,左左,埼玉,"12,000"
ソ,9,柳田　悠岐,外野手,1988/10/09,27,6,188,93,AB,右左,広島,"27,000"
ソ,11,中田　賢一,投手,1982/05/11,34,12,180,82,O,右右,福岡,"9,500"
ソ,12,髙谷　裕亮,捕手,1981/11/13,34,10,179,86,O,右左,栃木,"3,400"
ソ,13,二保　旭,投手,1990/05/18,26,8,181,72,B,右右,福岡,"3,000"
ソ,14,加治屋　蓮,投手,1991/11/25,24,3,184,84,B,右右,宮崎,"1,100"
ソ,16,東浜　巨,投手,1990/06/20,26,4,182,77,A,右右,沖縄,"1,800"
ソ,17,岩嵜　翔,投手,1989/10/21,26,9,189,82,O,右右,千葉,"3,900"
ソ,18,松坂　大輔,投手,1980/09/13,35,10,183,93,O,右右,東京,"40,000"
ソ,19,森福　允彦,投手,1986/07/29,29,10,172,66,A,左左,愛知,"12,000"
ソ,20,寺原　隼人,投手,1983/10/09,32,15,180,85,A,右右,宮崎,"6,500"
ソ,21,和田　毅,投手,1981/02/21,35,10,180,81,O,左左,島根,"40,000"
ソ,22,斐紹,捕手,1992/11/16,23,6,180,93,A,右左,北海道,980
ソ,23,城所　龍磨,外野手,1985/09/24,30,13,177,78,B,右左,愛知,"1,900"
ソ,24,長谷川　勇也,外野手,1984/12/22,31,10,180,89,AB,右左,山形,"20,000"
ソ,25,巽　真悟,投手,1987/01/10,29,8,182,79,O,右左,和歌山,850
ソ,27,細川　亨,捕手,1980/01/04,36,15,183,105,B,右右,青森,"10,000"
ソ,28,大隣　憲司,投手,1984/11/19,31,10,176,88,A,左左,京都,"6,800"
ソ,30,武田　翔太,投手,1993/04/03,23,5,186,85,B,右右,宮崎,"7,000"
ソ,31,栗原　陵矢,捕手,1996/07/04,19,2,178,74,A,右左,福井,700
ソ,32,塚田　正義,外野手,1989/07/23,26,5,177,76,A,右右,茨城,"1,200"
ソ,33,鶴岡　慎也,捕手,1981/04/11,35,14,175,77,A,右右,鹿児島,"7,600"
ソ,34,山田　大樹,投手,1988/07/30,27,10,189,92,B,左左,茨城,"1,700"
ソ,35,川島　慶三,内野手,1983/10/05,32,11,172,73,A,右右,長崎,"4,000"
ソ,36,明石　健志,内野手,1986/01/09,30,13,175,66,B,右左,北海道,"7,000"
ソ,37,福田　秀平,外野手,1989/02/10,27,10,182,79,AB,右左,神奈川,"2,500"
ソ,38,森　唯斗,投手,1992/01/08,24,3,175,88,A,右右,徳島,"7,000"
ソ,39,島袋　洋奨,投手,1992/10/24,23,2,174,73,O,左左,沖縄,800
ソ,40,小澤　怜史,投手,1998/03/09,18,1,180,78,B,右左,静岡,700
ソ,41,千賀　滉大,投手,1993/01/30,23,6,186,86,A,右左,愛知,"2,500"
ソ,42,飯田　優也,投手,1990/11/27,25,4,186,85,A,左左,兵庫,"2,500"
ソ,43,江川　智晃,外野手,1986/10/31,29,12,180,86,B,右右,三重,"2,100"
ソ,44,バンデンハーク,投手,1985/05/22,31,2,198,105,不明,右右,オランダ,"15,000"
ソ,45,谷川原　健太,捕手,1997/04/16,19,1,173,80,B,右左,愛知,600
ソ,46,本多　雄一,内野手,1984/11/19,31,11,175,71,O,右左,福岡,"18,000"
ソ,47,髙橋　純平,投手,1997/05/08,19,1,183,81,A,右右,岐阜,"1,500"
ソ,48,岡本　健,投手,1992/10/29,23,3,177,83,O,右右,兵庫,"1,000"
ソ,49,坂田　将人,投手,1993/03/12,23,6,175,74,A,左左,福岡,600
ソ,50,攝津　正,投手,1982/06/01,34,8,181,95,O,右右,秋田,"40,000"
ソ,51,上林　誠知,外野手,1995/08/01,20,3,185,81,O,右左,埼玉,800
ソ,53,五十嵐　亮太,投手,1979/05/28,37,16,178,94,A,右右,北海道,"35,000"
ソ,54,柳瀬　明宏,投手,1983/07/08,32,11,176,78,O,右右,広島,"4,000"
ソ,55,茶谷　健太,内野手,1998/01/16,18,1,185,85,O,右右,神奈川,500
ソ,56,星野　大地,投手,1993/03/13,23,6,180,87,B,右右,岡山,700
ソ,57,嘉弥真　新也,投手,1989/11/23,26,5,173,68,O,左左,沖縄,"2,600"
ソ,58,サファテ,投手,1981/04/09,35,6,193,102,不明,右右,アメリカ,"50,000"
ソ,59,古澤　勝吾,内野手,1996/09/05,19,2,177,78,B,右右,滋賀,600
ソ,60,釜元　豪,外野手,1993/09/03,22,5,180,76,B,右左,長崎,600
ソ,61,黒瀬　健太,内野手,1997/08/12,18,1,181,100,O,右右,大阪,500
ソ,62,拓也,捕手,1992/11/05,23,6,169,76,O,右右,大分,600
ソ,63,笠原　大芽,投手,1995/01/20,21,4,186,83,A,左右,福岡,550
ソ,64,真砂　勇介,外野手,1994/05/04,22,4,185,80,B,右右,京都,550
ソ,65,バリオス,投手,1988/10/11,27,6,183,82,不明,右右,ベネズエラ,"6,000"
ソ,66,松本　裕樹,投手,1996/04/14,20,2,182,83,A,右左,神奈川,800
ソ,67,笠谷　俊介,投手,1997/03/17,19,2,172,69,AB,左左,大分,550
ソ,68,猪本　健太郎,内野手,1990/12/23,25,8,182,95,O,右右,熊本,650
ソ,69,牧原　大成,内野手,1992/10/15,23,6,172,68,A,右左,福岡,"1,300"
ソ,90,スアレス,投手,1991/03/01,25,1,188,95,不明,右右,ベネズエラ,"5,000"
ソ,95,カニザレス,内野手,1979/11/21,36,3,190,109,不明,右右,キューバ,"6,000"
ソ,121,吉本　祥二,投手,1993/06/26,23,5,188,83,B,右右,東京,420
ソ,122,川原　弘之,投手,1991/08/23,24,7,187,93,O,左左,福岡,420
ソ,123,伊藤　祐介,投手,1990/10/20,25,4,176,75,B,左左,宮城,600
ソ,124,幸山　一大,外野手,1996/06/18,20,2,190,92,O,右右,富山,270
ソ,125,李　杜軒,内野手,1988/04/21,28,10,173,90,A,右右,台湾,"1,000"
ソ,126,齋藤　誠哉,投手,1996/05/13,20,2,184,81,A,左左,青森,270
ソ,127,伊藤　大智郎,投手,1992/12/29,23,6,176,70,A,右右,岐阜,270
ソ,128,山下　亜文,投手,1996/04/05,20,2,170,72,B,左左,石川,270
ソ,129,野澤　佑斗,投手,1997/11/06,18,1,181,71,O,右左,茨城,270
ソ,130,児玉　龍也,投手,1993/10/09,22,1,176,72,A,左左,山口,400
ソ,131,堀内　汰門,捕手,1996/09/16,19,2,175,74,O,右右,山形,270
ソ,132,樋越　優一,捕手,1993/09/28,22,1,178,89,B,右左,北海道,400
ソ,133,柿木　映二,投手,1997/01/06,19,2,186,79,O,右左,福岡,270
ソ,134,金子　将太,外野手,1996/08/12,19,2,175,73,B,左左,群馬,270
ソ,135,河野　大樹,内野手,1991/03/29,25,2,177,72,O,右両,大阪,360
ソ,136,中村　晨,投手,1997/08/08,18,1,191,81,A,右右,熊本,270
ソ,137,渡辺　健史,投手,1997/09/09,18,1,178,72,A,左左,福岡,270
ソ,138,石川　柊太,投手,1991/12/27,24,3,184,83,O,右右,東京,400
ソ,139,東方　伸友,投手,1995/09/17,20,3,192,88,A,右右,島根,270
ソ,140,曽根　海成,内野手,1995/04/24,21,3,175,70,A,右左,大阪,270
ソ,141,張本　優大,捕手,1990/10/13,25,3,182,85,A,右右,大阪,400
日,1,陽　岱鋼,外野手,1987/01/17,29,11,183,89,A,右右,台湾,"16,000"
日,2,杉谷　拳士,内野手,1991/02/04,25,8,173,77,B,右両,東京,"2,400"
日,3,田中　賢介,内野手,1981/05/20,35,15,176,78,O,右左,福岡,"15,000"
日,4,飯山　裕志,内野手,1979/07/13,36,19,178,78,B,右右,鹿児島,"2,450"
日,5,レアード,内野手,1987/09/11,28,2,185,98,不明,右右,アメリカ,"10,000"
日,6,中田　翔,内野手,1989/04/22,27,9,183,100,O,右右,広島,"24,500"
日,7,西川　遥輝,内野手,1992/04/16,24,6,179,76,A,右左,和歌山,"6,200"
日,8,近藤　健介,捕手,1993/08/09,22,5,173,83,O,右左,千葉,"4,800"
日,9,中島　卓也,内野手,1991/01/11,25,8,176,73,A,右左,福岡,"8,000"
日,10,清水　優心,捕手,1996/05/22,20,2,185,88,A,右右,山口,610
日,11,大谷　翔平,投手,1994/07/05,21,4,193,92,B,右左,岩手,"20,000"
日,12,松本　剛,内野手,1993/08/11,22,5,181,78,AB,右右,埼玉,630
日,13,石井　裕也,投手,1981/07/04,34,12,178,77,B,左左,神奈川,"4,500"
日,14,加藤　貴之,投手,1992/06/03,24,1,182,82,AB,左左,千葉,"1,200"
日,15,メンドーサ,投手,1983/10/31,32,3,191,111,不明,右右,メキシコ,"20,000"
日,16,有原　航平,投手,1992/08/11,23,2,189,100,AB,右右,広島,"3,000"
日,17,浦野　博司,投手,1989/07/22,26,3,178,66,A,右右,静岡,"2,300"
日,18,斎藤　佑樹,投手,1988/06/06,28,6,176,76,A,右右,群馬,"2,300"
日,19,増井　浩俊,投手,1984/06/26,32,7,181,70,A,右右,静岡,"22,000"
日,20,上原　健太,投手,1994/03/29,22,1,190,85,A,左左,沖縄,"1,300"
日,21,武田　久,投手,1978/10/14,37,14,170,73,B,右左,徳島,"1,800"
日,23,渡邉　諒,内野手,1995/04/30,21,3,178,78,B,右右,茨城,700
日,24,森本　龍弥,内野手,1994/06/12,22,4,185,97,O,右右,兵庫,510
日,25,宮西　尚生,投手,1985/06/02,31,9,180,75,O,左左,兵庫,"19,000"
日,26,淺間　大基,外野手,1996/06/21,20,2,183,76,B,右左,東京,900
日,27,大野　奨太,捕手,1987/01/13,29,8,177,78,O,右右,岐阜,"4,500"
日,28,新垣　勇人,投手,1985/10/21,30,4,183,86,A,右右,神奈川,850
日,29,井口　和朋,投手,1994/01/07,22,1,175,82,O,右右,神奈川,900
日,30,鍵谷　陽平,投手,1990/09/23,25,4,177,83,O,右右,北海道,"2,200"
日,31,岡　大海,外野手,1991/07/15,24,3,185,83,B,右右,岡山,"1,800"
日,32,大累　進,内野手,1990/08/31,25,4,175,73,O,右右,北海道,800
日,33,須永　英輝,投手,1985/10/28,30,13,181,85,O,左左,東京,590
日,34,吉川　光夫,投手,1988/04/06,28,10,178,76,O,左左,福岡,"9,500"
日,35,榎下　陽大,投手,1988/07/21,27,6,178,77,O,右右,鹿児島,770
日,36,中村　勝,投手,1991/12/11,24,7,184,83,A,右右,埼玉,"2,400"
日,37,矢野　謙次,外野手,1980/09/21,35,14,178,85,O,右右,東京,"5,000"
日,38,武田　勝,投手,1978/07/10,37,11,176,73,B,左左,愛知,"4,000"
日,39,高梨　裕稔,投手,1991/06/05,25,3,187,85,B,右右,千葉,770
日,40,金平　将至,投手,1991/03/24,25,3,180,86,O,左左,京都,840
日,43,白村　明弘,投手,1991/12/11,24,3,187,84,B,右左,岐阜,"2,200"
日,45,平沼　翔太,内野手,1997/08/16,18,1,179,78,A,右左,福井,520
日,46,瀬川　隼郎,投手,1986/10/21,29,2,177,86,O,左左,北海道,840
日,47,田中　豊樹,投手,1993/12/01,22,1,180,90,AB,右右,佐賀,800
日,48,谷元　圭介,投手,1985/01/28,31,8,167,72,A,右右,三重,"7,200"
日,49,石川　慎吾,外野手,1993/04/27,23,5,178,76,O,右右,大阪,"1,000"
日,50,宇佐美　塁大,外野手,1994/10/24,21,4,177,80,B,右右,広島,500
日,51,石川　直也,投手,1996/07/11,19,2,191,82,A,右右,山形,520
日,52,バース,投手,1987/11/01,28,1,188,90,不明,右右,アメリカ,"10,000"
日,53,立田　将太,投手,1996/06/04,20,2,180,87,AB,右右,奈良,480
日,54,大塚　豊,投手,1987/12/20,28,7,182,85,A,右右,東京,780
日,55,マーティン,投手,1986/06/02,30,1,203,98,不明,右右,アメリカ,"8,000"
日,56,市川　友也,捕手,1985/05/09,31,7,176,81,O,右右,神奈川,"1,700"
日,57,屋宜　照悟,投手,1989/03/29,27,4,178,81,A,右左,沖縄,880
日,58,横尾　俊建,内野手,1993/05/27,23,1,177,90,O,右右,東京,750
日,59,吉田　侑樹,投手,1994/02/16,22,1,187,80,B,右右,大阪,750
日,60,荒張　裕司,捕手,1989/04/24,27,7,180,83,O,右右,大阪,510
日,61,姫野　優也,外野手,1997/04/02,19,1,184,85,B,右右,大阪,470
日,62,髙濱　祐仁,内野手,1996/08/08,19,2,183,84,B,右右,佐賀,490
日,63,上沢　直之,投手,1994/02/06,22,5,187,88,A,右右,千葉,"2,400"
日,64,谷口　雄也,外野手,1992/06/01,24,6,182,84,B,右左,三重,"1,200"
日,65,太田　賢吾,内野手,1997/01/19,19,2,186,74,A,右左,埼玉,470
日,66,大嶋　匠,捕手,1990/02/14,26,5,180,97,A,右左,群馬,500
日,67,岸里　亮佑,外野手,1995/04/03,21,3,180,71,B,右左,岩手,490
日,68,石川　亮,捕手,1995/07/20,20,3,180,84,O,右右,神奈川,650
日,70,米野　智人,捕手,1982/01/21,34,17,183,83,B,右右,北海道,"1,000"
マ,00,髙濱　卓也,内野手,1989/07/06,26,9,184,84,A,右左,佐賀,"1,220"
マ,1,清田　育宏,外野手,1986/02/11,30,7,180,85,A,右右,千葉,"6,000"
マ,2,根元　俊一,内野手,1983/07/08,32,11,177,77,A,右左,東京,"4,400"
マ,3,サブロー,外野手,1976/06/01,40,22,181,90,B,右右,岡山,"6,500"
マ,4,荻野　貴司,外野手,1985/10/21,30,7,172,75,O,右右,奈良,"3,280"
マ,5,伊志嶺　翔大,外野手,1988/05/12,28,6,179,79,A,右右,沖縄,"2,600"
マ,6,井口　資仁,内野手,1974/12/04,41,16,178,91,O,右右,東京,"18,000"
マ,7,鈴木　大地,内野手,1989/08/18,26,5,175,79,O,右左,静岡,"8,000"
マ,9,福浦　和也,内野手,1975/12/14,40,23,183,88,B,左左,千葉,"4,500"
マ,10,大松　尚逸,内野手,1982/06/16,34,12,184,93,B,左左,石川,"2,520"
マ,11,大嶺　祐太,投手,1988/06/16,28,10,184,80,A,右左,沖縄,"3,640"
マ,12,石川　歩,投手,1988/04/11,28,3,186,80,A,右右,富山,"7,500"
マ,13,平沢　大河,内野手,1997/12/24,18,1,176,76,A,右左,宮城,"1,200"
マ,14,大谷　智久,投手,1985/02/14,31,7,176,82,A,右右,兵庫,"8,000"
マ,15,関谷　亮太,投手,1991/05/10,25,1,180,84,A,右右,神奈川,"1,500"
マ,16,涌井　秀章,投手,1986/06/21,30,12,185,85,A,右右,千葉,"22,000"
マ,17,ナバーロ,内野手,1987/10/31,28,1,183,93,不明,右右,ドミニカ共和国,"14,000"
マ,18,藤岡　貴裕,投手,1989/07/17,26,5,183,85,AB,左左,群馬,"3,850"
マ,19,唐川　侑己,投手,1989/07/05,26,9,181,80,O,右右,千葉,"4,800"
マ,20,東條　大樹,投手,1991/08/15,24,1,177,81,O,右右,神奈川,"1,200"
マ,21,内　竜也,投手,1985/07/13,30,13,182,87,A,右右,神奈川,"2,500"
マ,23,中村　奨吾,内野手,1992/05/28,24,2,180,79,A,右右,兵庫,"2,500"
マ,24,吉田　裕太,捕手,1991/07/21,24,3,183,94,O,右右,千葉,"1,660"
マ,25,金澤　岳,捕手,1984/05/05,32,14,180,82,O,右左,栃木,"1,180"
マ,27,古谷　拓哉,投手,1981/07/14,34,11,180,74,A,左左,北海道,"3,100"
マ,28,松永　昂大,投手,1988/04/16,28,4,175,82,O,左左,香川,"4,700"
マ,29,西野　勇士,投手,1991/03/06,25,8,182,82,A,右右,富山,"10,000"
マ,30,伊藤　義弘,投手,1982/06/02,34,9,177,78,B,右右,福岡,"2,400"
マ,31,田中　英祐,投手,1992/04/02,24,2,180,75,O,右右,兵庫,"1,340"
マ,33,南　昌輝,投手,1989/01/18,27,6,182,88,A,右右,和歌山,"1,350"
マ,34,木村　優太,投手,1985/05/21,31,8,190,93,B,左左,秋田,930
マ,35,寺嶋　寛大,捕手,1992/10/12,23,2,184,84,O,右右,東京,900
マ,36,川満　寛弥,投手,1991/03/04,25,4,186,80,AB,左左,沖縄,720
マ,37,三木　亮,内野手,1991/10/25,24,3,175,78,A,右右,大阪,"1,248"
マ,38,イ・デウン,投手,1989/03/23,27,2,188,86,不明,右左,韓国,"5,400"
マ,40,吉原　正平,投手,1989/09/14,26,3,174,75,B,右右,福岡,940
マ,41,成田　翔,投手,1998/02/03,18,1,170,70,B,左左,秋田,600
マ,42,香月　良仁,投手,1984/01/22,32,8,180,82,A,右右,福岡,"2,000"
マ,43,黒沢　翔太,投手,1988/08/05,27,6,181,84,B,右右,埼玉,600
マ,44,井上　晴哉,内野手,1989/07/03,26,3,180,114,A,右右,広島,"1,100"
マ,45,田村　龍弘,捕手,1994/05/13,22,4,174,80,A,右右,大阪,"2,760"
マ,46,岩下　大輝,投手,1996/10/02,19,2,181,80,O,右右,石川,580
マ,47,田中　靖洋,投手,1987/06/21,29,11,183,88,A,右右,石川,550
マ,48,宮﨑　敦次,投手,1992/12/08,23,2,171,72,A,左左,山口,730
マ,49,チェン・グァンユウ,投手,1990/10/29,25,6,179,75,不明,左左,台湾,"1,700"
マ,50,大嶺　翔太,内野手,1991/09/17,24,7,180,82,A,右右,沖縄,700
マ,51,信樂　晃史,投手,1991/12/26,24,1,180,84,A,右右,宮崎,800
マ,52,益田　直也,投手,1989/10/25,26,5,177,80,B,右右,和歌山,"8,000"
マ,53,江村　直也,捕手,1992/05/06,24,6,176,83,B,右右,広島,950
マ,54,デスパイネ,外野手,1986/06/17,30,3,175,95,不明,右右,キューバ,"25,000"
マ,55,スタンリッジ,投手,1978/11/09,37,9,191,110,不明,右右,アメリカ,"14,400"
マ,56,原　嵩,投手,1997/12/06,18,1,185,85,B,右右,茨城,500
マ,57,香月　一也,内野手,1996/04/16,20,2,176,83,A,右左,福岡,500
マ,58,高野　圭佑,投手,1991/12/28,24,1,178,76,A,右右,広島,800
マ,59,細谷　圭,内野手,1988/01/17,28,11,182,84,B,右右,群馬,930
マ,60,阿部　和成,投手,1989/05/19,27,9,183,80,A,右右,福岡,950
マ,61,角中　勝也,外野手,1987/05/25,29,10,180,85,A,右左,石川,"8,000"
マ,62,脇本　直人,外野手,1996/06/10,20,2,180,80,A,右左,群馬,480
マ,63,青松　慶侑,内野手,1986/12/07,29,12,185,83,O,右右,京都,690
マ,64,二木　康太,投手,1995/08/01,20,3,187,75,O,右右,鹿児島,540
マ,65,加藤　翔平,外野手,1991/03/28,25,4,183,84,AB,右両,埼玉,"1,785"
マ,66,岡田　幸文,外野手,1984/07/06,31,8,177,70,O,左左,栃木,"3,800"
マ,67,金森　敬之,投手,1985/07/24,30,12,183,87,O,右右,大阪,"1,020"
マ,69,肘井　竜蔵,外野手,1995/11/13,20,3,182,88,A,右左,兵庫,450
マ,121,大木　貴将,内野手,1991/11/22,24,1,174,73,B,右左,千葉,300
マ,122,柿沼　友哉,捕手,1993/05/12,23,1,180,82,A,右右,茨城,240
西,0,木村　昇吾,内野手,1980/04/16,36,14,183,78,A,右左,大阪,"2,000"
西,00,水口　大地,内野手,1989/06/28,27,4,163,60,A,右左,長崎,500
西,1,栗山　巧,外野手,1983/09/03,32,15,177,85,O,右左,兵庫,"20,000"
西,2,金子　侑司,内野手,1990/04/24,26,4,179,74,B,右両,京都,"2,400"
西,4,ポーリーノ,投手,1983/10/05,32,1,191,122,不明,右右,ドミニカ共和国,"6,000"
西,5,鬼﨑　裕司,内野手,1983/04/07,33,9,177,77,B,右左,佐賀,"2,300"
西,6,竹原　直隆,外野手,1980/04/21,36,12,183,88,O,左右,岡山,"1,200"
西,8,渡辺　直人,内野手,1980/10/15,35,10,173,73,AB,右右,茨城,"5,200"
西,9,大﨑　雄太朗,外野手,1984/10/18,31,10,169,75,O,右左,茨城,"2,300"
西,10,森　友哉,捕手,1995/08/08,20,3,170,80,A,右左,大阪,"4,000"
西,11,岸　孝之,投手,1984/12/04,31,10,180,77,A,右右,宮城,"22,500"
西,12,郭　俊麟,投手,1992/02/02,24,2,175,70,不明,右右,台湾,"3,000"
西,14,増田　達至,投手,1988/04/23,28,4,180,85,AB,右右,兵庫,"7,000"
西,15,大石　達也,投手,1988/10/10,27,6,185,92,A,右左,福岡,"1,100"
西,16,菊池　雄星,投手,1991/06/17,25,7,184,100,O,左左,岩手,"5,500"
西,17,髙橋　光成,投手,1997/02/03,19,2,189,90,B,右右,群馬,"1,800"
西,18,多和田　真三郎,投手,1993/04/13,23,1,182,82,B,右右,沖縄,"1,500"
西,19,豊田　拓矢,投手,1987/03/28,29,3,176,85,O,右右,埼玉,"1,120"
西,20,野上　亮磨,投手,1987/06/15,29,8,177,76,A,右右,福岡,"5,800"
西,21,十亀　剣,投手,1987/11/07,28,5,183,88,O,右右,愛知,"6,000"
西,22,岡本　篤志,投手,1981/05/20,35,13,177,79,O,右右,三重,"3,100"
西,23,野田　昇吾,投手,1993/06/27,23,1,167,72,A,左左,福岡,"1,200"
西,25,星　孝典,捕手,1982/05/04,34,12,175,82,B,右右,宮城,"1,000"
西,26,川越　誠司,投手,1993/06/30,23,1,174,80,A,左左,北海道,"1,200"
西,27,炭谷　銀仁朗,捕手,1987/07/19,28,11,181,93,O,右右,京都,"10,000"
西,28,藤原　良平,投手,1986/02/15,30,9,183,81,A,右右,兵庫,"1,000"
西,29,小石　博孝,投手,1987/04/13,29,5,178,85,A,左左,大分,800
西,30,岡本　洋介,投手,1985/09/27,30,7,177,80,A,右右,和歌山,"2,300"
西,31,岩尾　利弘,投手,1987/07/20,28,7,179,80,A,右左,大分,"1,050"
西,32,浅村　栄斗,内野手,1990/11/12,25,8,182,93,O,右右,大阪,"10,000"
西,33,山川　穂高,内野手,1991/11/23,24,3,176,100,A,右右,沖縄,"1,000"
西,34,佐野　泰雄,投手,1993/01/18,23,2,177,81,B,左左,タイ,"1,200"
西,35,牧田　和久,投手,1984/11/10,31,6,177,83,A,右右,静岡,"7,500"
西,36,南川　忠亮,投手,1992/01/13,24,1,180,84,A,右右,香川,"1,000"
西,37,岡田　雅利,捕手,1989/06/30,27,3,172,80,B,右右,奈良,"1,400"
西,38,玉村　祐典,投手,1995/11/04,20,2,181,79,A,右右,福井,600
西,39,呉　念庭,内野手,1993/06/07,23,1,178,75,AB,右左,台湾,600
西,40,山口　嵩之,投手,1989/07/29,26,3,184,87,A,右右,石川,850
西,41,誠,投手,1994/07/23,21,4,185,73,B,右右,千葉,700
西,42,バスケス,投手,1983/11/07,32,2,185,90,不明,右右,ドミニカ共和国,"2,400"
西,43,髙橋　朋己,投手,1988/11/16,27,4,174,78,B,左左,静岡,"5,800"
西,44,外崎　修汰,内野手,1992/12/20,23,2,177,75,O,右右,青森,"1,400"
西,45,本田　圭佑,投手,1993/04/24,23,1,179,80,A,右右,宮城,700
西,46,中﨑　雄太,投手,1991/03/11,25,8,180,78,AB,左左,鹿児島,500
西,47,バンヘッケン,投手,1979/07/31,36,1,193,90,不明,左右,アメリカ,"14,400"
西,48,武隈　祥太,投手,1989/11/24,26,9,180,84,A,左左,北海道,"3,850"
西,49,上本　達之,捕手,1980/11/08,35,14,186,96,B,右左,山口,"1,100"
西,50,福倉　健太郎,投手,1991/08/03,24,3,177,75,O,右右,鹿児島,650
西,51,木村　文紀,外野手,1988/09/13,27,10,182,86,O,右右,東京,"1,600"
西,52,山田　遥楓,内野手,1996/09/30,19,2,179,78,A,右右,佐賀,600
西,53,大瀧　愛斗,外野手,1997/04/06,19,1,178,84,O,右右,大阪,600
西,54,Ｃ．Ｃ．リー,投手,1986/10/21,29,1,180,86,不明,右右,台湾,"8,400"
西,55,秋山　翔吾,外野手,1988/04/16,28,6,183,85,A,右左,神奈川,"15,000"
西,56,金子　一輝,内野手,1995/05/29,21,3,182,73,A,右右,神奈川,600
西,57,國場　翼,投手,1993/12/05,22,1,181,81,O,右左,沖縄,600
西,58,熊代　聖人,外野手,1989/04/18,27,6,175,75,O,右右,愛媛,"1,500"
西,59,永江　恭平,内野手,1993/05/07,23,5,174,80,B,右左,佐賀,"1,100"
西,60,中村　剛也,内野手,1983/08/15,32,15,175,102,O,右右,大阪,"41,000"
西,61,田代　将太郎,外野手,1989/12/13,26,5,178,75,A,左左,北海道,640
西,62,駒月　仁人,外野手,1993/04/21,23,5,176,94,O,右右,京都,530
西,63,佐藤　勇,投手,1994/09/18,21,4,182,85,B,左左,福島,500
西,64,中田　祥多,捕手,1990/02/22,26,9,182,85,A,右右,兵庫,680
西,65,斉藤　彰吾,外野手,1989/05/14,27,9,178,80,B,左左,埼玉,"1,600"
西,66,松本　直晃,投手,1990/11/14,25,1,179,78,O,右右,兵庫,500
西,67,藤田　航生,投手,1997/12/11,18,1,175,70,O,左左,青森,500
西,68,宮田　和希,投手,1988/11/16,27,8,182,80,A,左左,大阪,850
西,71,戸川　大輔,外野手,1996/04/29,20,2,188,86,B,右左,北海道,500
西,78,藤澤　亨明,捕手,1989/11/11,26,5,180,83,B,右左,長野,500
西,88,坂田　遼,外野手,1986/10/02,29,8,178,90,A,右左,神奈川,"1,200"
西,99,メヒア,内野手,1985/12/02,30,3,198,118,不明,右右,ベネズエラ,"25,000"
楽,0,栗原　健太,内野手,1982/01/08,34,17,183,97,O,右右,山形,"2,000"
楽,00,阿部　俊人,内野手,1988/12/23,27,6,180,73,AB,右左,宮城,"1,150"
楽,001,片山　博視,投手,1987/04/19,29,11,191,95,A,左左,兵庫,800
楽,1,松井　裕樹,投手,1995/10/30,20,3,174,74,A,左左,神奈川,"6,500"
楽,2,吉持　亮汰,内野手,1993/11/04,22,1,175,68,AB,右右,大阪,"1,200"
楽,3,ゴームズ,外野手,1980/11/22,35,1,186,104,不明,右右,アメリカ,"20,000"
楽,4,後藤　光尊,内野手,1978/07/27,37,15,175,75,A,右左,秋田,"9,000"
楽,5,茂木　栄五郎,内野手,1994/02/14,22,1,171,75,O,右左,東京,"1,200"
楽,005,島井　寛仁,外野手,1990/06/19,26,4,174,70,A,右両,沖縄,780
楽,6,藤田　一也,内野手,1982/07/03,33,12,175,75,O,右左,徳島,"11,000"
楽,7,松井　稼頭央,外野手,1975/10/23,40,16,177,85,O,右両,大阪,"16,000"
楽,8,今江　敏晃,内野手,1983/08/26,32,15,180,89,B,右右,京都,"20,000"
楽,9,オコエ　瑠偉,外野手,1997/07/21,18,1,185,90,O,右右,東京,"1,200"
楽,11,塩見　貴洋,投手,1988/09/06,27,6,182,77,A,左左,大阪,"3,000"
楽,12,レイ,投手,1974/11/27,41,3,188,92,不明,右右,アメリカ,"1,500"
楽,13,濱矢　廣大,投手,1993/02/27,23,3,185,78,A,左左,奈良,"1,000"
楽,14,則本　昂大,投手,1990/12/17,25,4,178,82,A,右左,滋賀,"15,000"
楽,15,小野　郁,投手,1996/10/23,19,2,175,67,AB,右右,福岡,600
楽,16,森　雄大,投手,1994/08/19,21,4,184,74,AB,左左,福岡,950
楽,17,ブリガム,投手,1988/02/10,28,1,192,95,不明,右右,アメリカ,"5,000"
楽,20,安樂　智大,投手,1996/11/04,19,2,186,87,A,右左,愛媛,"1,200"
楽,21,釜田　佳直,投手,1993/10/26,22,5,177,77,A,右右,石川,"1,280"
楽,22,戸村　健次,投手,1987/10/20,28,7,185,76,B,右右,埼玉,"2,500"
楽,23,聖澤　諒,外野手,1985/11/03,30,9,179,72,B,右左,長野,"6,240"
楽,024,高堀　和也,投手,1987/06/11,29,7,183,70,A,右右,富山,540
楽,24,福田　将儀,外野手,1992/04/17,24,2,174,76,O,右右,千葉,"1,080"
楽,25,牧田　明久,外野手,1982/06/03,34,16,182,78,A,右右,福井,"2,700"
楽,26,金刃　憲人,投手,1984/04/10,32,10,176,80,B,左左,兵庫,"2,300"
楽,27,岡島　豪郎,外野手,1989/09/07,26,5,176,82,B,右左,群馬,"3,800"
楽,28,石橋　良太,投手,1991/06/06,25,1,175,77,A,右左,大阪,"1,000"
楽,29,小関　翔太,捕手,1991/09/06,24,7,181,81,B,右右,福岡,760
楽,30,長谷部　康平,投手,1985/05/21,31,9,173,70,A,左左,岐阜,"1,400"
楽,31,美馬　学,投手,1986/09/19,29,6,169,75,O,右左,茨城,"3,500"
楽,32,枡田　慎太郎,外野手,1987/07/08,28,11,178,80,AB,右左,京都,"2,700"
楽,33,銀次,内野手,1988/02/24,28,11,174,78,A,右左,岩手,"8,100"
楽,34,武藤　好貴,投手,1987/07/22,28,5,178,74,O,右右,北海道,"1,500"
楽,35,島内　宏明,外野手,1990/02/02,26,5,180,75,B,左左,石川,"2,100"
楽,36,内田　靖人,内野手,1995/05/30,21,3,185,86,O,右右,福島,600
楽,036,榎本　葵,外野手,1992/07/24,23,6,179,78,O,左左,神奈川,650
楽,37,嶋　基宏,捕手,1984/12/13,31,10,179,82,A,右右,岐阜,"11,000"
楽,38,西宮　悠介,投手,1991/05/01,25,3,180,80,A,左左,茨城,"1,800"
楽,39,下妻　貴寛,捕手,1994/04/15,22,4,186,85,B,右右,山形,600
楽,40,ウィーラー,内野手,1987/01/16,29,2,178,100,不明,右右,アメリカ,"4,000"
楽,41,青山　浩二,投手,1983/08/12,32,11,180,80,B,右右,北海道,"9,000"
楽,42,アマダー,内野手,1987/01/19,29,1,193,135,不明,右右,メキシコ,"3,000"
楽,43,ミコライオ,投手,1984/05/10,32,5,205,115,不明,右右,アメリカ,"15,000"
楽,44,足立　祐一,捕手,1989/09/22,26,1,178,83,A,右右,東京,"1,000"
楽,45,川井　貴志,投手,1976/09/16,39,18,180,84,A,左左,大阪,"1,600"
楽,46,伊東　亮大,内野手,1989/07/27,26,2,194,92,O,左左,神奈川,800
楽,47,大塚　尚仁,投手,1994/10/13,21,4,175,70,A,左左,福岡,570
楽,48,伊志嶺　忠,捕手,1985/06/22,31,9,178,78,AB,右左,沖縄,"1,450"
楽,49,リズ,投手,1983/10/06,32,1,189,91,不明,右右,ドミニカ共和国,"10,000"
楽,50,入野　貴大,投手,1988/11/26,27,2,180,78,A,右左,高知,700
楽,51,フェルナンド,外野手,1992/04/13,24,2,175,79,O,右右,ブラジル,860
楽,051,柿澤　貴裕,内野手,1994/07/30,21,4,179,80,A,右左,鹿児島,550
楽,52,加藤　正志,投手,1989/09/07,26,2,173,71,A,右右,神奈川,800
楽,53,相原　和友,投手,1989/10/27,26,3,186,72,B,左左,宮城,810
楽,54,横山　貴明,投手,1991/04/10,25,3,180,79,A,右右,福島,810
楽,55,哲朗,内野手,1991/09/04,24,7,180,78,O,右右,大阪,"1,500"
楽,56,中川　大志,内野手,1990/06/08,26,8,186,92,A,右右,愛知,"1,000"
楽,57,三好　匠,内野手,1993/06/07,23,5,174,75,A,右右,福岡,630
楽,58,辛島　航,投手,1990/10/18,25,8,173,72,A,左左,福岡,"3,300"
楽,59,菊池　保則,投手,1989/09/18,26,9,180,80,O,右左,茨城,"1,900"
楽,60,古川　侑利,投手,1995/09/08,20,3,178,78,AB,右右,佐賀,600
楽,61,金　無英,投手,1985/11/22,30,8,180,84,A,右右,韓国,"1,200"
楽,62,相沢　晋,投手,1987/06/03,29,3,172,70,A,右左,新潟,720
楽,63,北川　倫太郎,外野手,1993/06/21,23,5,185,82,B,右左,大阪,720
楽,64,福山　博之,投手,1989/03/27,27,6,172,70,B,右右,島根,"4,500"
楽,65,堀内　謙伍,捕手,1997/04/15,19,1,174,82,A,右左,静岡,600
楽,66,村林　一輝,内野手,1997/10/06,18,1,180,73,O,右右,大阪,500
楽,67,岩﨑　達郎,内野手,1984/12/28,31,10,175,75,O,右右,神奈川,"1,600"
楽,68,川本　良平,捕手,1982/04/28,34,12,178,85,A,右右,広島,"1,200"
楽,69,山内　壮馬,投手,1985/07/01,31,9,181,83,AB,右右,愛知,"1,200"
楽,090,今野　龍太,投手,1995/05/11,21,3,178,70,AB,右右,宮城,600
楽,121,宮川　将,投手,1990/10/19,25,4,184,87,A,右右,大阪,750
楽,122,八百板　卓丸,外野手,1997/01/17,19,2,180,76,O,右左,福島,240
楽,123,大坂谷　啓生,内野手,1992/11/09,23,2,179,83,AB,右右,青森,240
楽,126,出口　匠,内野手,1998/03/03,18,1,174,91,A,右右,三重,240
楽,127,山田　大樹,内野手,1997/10/04,18,1,174,89,B,右左,三重,240
楽,143,ソン・チャーホウ,投手,1992/09/06,23,1,185,92,不明,右左,台湾,440
オ,1,中島　宏之,内野手,1982/07/31,33,14,180,90,A,右右,兵庫,"35,000"
オ,2,原　拓也,内野手,1984/05/18,32,10,175,80,O,右左,神奈川,"3,000"
オ,3,安達　了一,内野手,1988/01/07,28,5,178,78,O,右右,群馬,"6,300"
オ,4,モレル,内野手,1987/04/21,29,1,185,100,不明,右右,アメリカ,"9,200"
オ,6,宗　佑磨,内野手,1996/06/07,20,2,181,78,B,右左,東京,600
オ,7,糸井　嘉男,外野手,1981/07/31,34,13,187,88,A,右左,京都,"28,000"
オ,8,駿太,外野手,1993/03/05,23,6,180,80,A,右左,群馬,"3,000"
オ,10,大城　滉二,内野手,1993/06/14,23,1,175,72,B,右右,沖縄,"1,200"
オ,11,松葉　貴大,投手,1990/08/14,25,4,178,80,B,左左,兵庫,"2,800"
オ,12,佐野　皓大,投手,1996/09/02,19,2,182,70,A,右右,大分,570
オ,13,佐藤　峻一,投手,1991/01/08,25,4,179,80,B,右右,北海道,700
オ,14,吉田　一将,投手,1989/09/24,26,3,191,92,A,右左,奈良,"1,800"
オ,15,佐藤　達也,投手,1986/07/26,29,5,178,77,B,右右,埼玉,"9,000"
オ,16,平野　佳寿,投手,1984/03/08,32,11,186,84,O,右右,京都,"30,000"
オ,17,山﨑　福也,投手,1992/09/09,23,2,188,88,B,左左,埼玉,"1,700"
オ,18,岸田　護,投手,1981/05/10,35,11,180,80,A,右右,大阪,"9,000"
オ,19,金子　千尋,投手,1983/11/08,32,12,180,77,O,右左,新潟,"50,000"
オ,20,近藤　大亮,投手,1991/05/29,25,1,177,75,O,右右,大阪,"1,200"
オ,21,西　勇輝,投手,1990/11/10,25,8,181,80,B,右右,三重,"12,000"
オ,22,伊藤　光,捕手,1989/04/23,27,9,180,83,B,右右,愛知,"5,700"
オ,23,伏見　寅威,捕手,1990/05/12,26,4,182,86,AB,右右,北海道,"1,100"
オ,24,宮﨑　祐樹,外野手,1986/11/29,29,6,178,85,A,右右,佐賀,"1,580"
オ,25,ミッシュ,投手,1981/08/18,34,1,188,89,不明,左右,アメリカ,"6,200"
オ,26,東明　大貴,投手,1989/06/15,27,3,178,77,O,右右,岐阜,"4,200"
オ,27,青山　大紀,投手,1994/11/28,21,1,183,83,B,右左,大阪,"1,000"
オ,28,小松　聖,投手,1981/10/29,34,10,180,80,O,右右,福島,"1,900"
オ,29,ボグセビック,外野手,1984/02/18,32,1,191,97,不明,左左,アメリカ,"9,200"
オ,30,岩﨑　恭平,内野手,1986/04/04,30,8,178,73,AB,右左,神奈川,"1,400"
オ,31,小谷野　栄一,内野手,1980/10/10,35,14,177,88,O,右右,東京,"7,000"
オ,32,ディクソン,投手,1984/11/03,31,4,195,84,不明,右右,アメリカ,"18,000"
オ,33,縞田　拓弥,内野手,1987/01/22,29,5,180,80,O,右右,福岡,"1,800"
オ,34,吉田　正尚,外野手,1993/07/15,22,1,173,80,B,右左,福井,"1,500"
オ,35,比嘉　幹貴,投手,1982/12/07,33,7,177,77,A,右右,沖縄,"1,500"
オ,36,髙木　伴,投手,1990/06/01,26,2,180,80,B,右右,埼玉,900
オ,37,若月　健矢,捕手,1995/10/04,20,3,179,87,O,右右,埼玉,700
オ,38,小島　脩平,内野手,1987/06/05,29,5,177,77,O,右左,群馬,"1,000"
オ,39,西野　真弘,内野手,1990/08/02,25,2,167,68,O,右左,東京,"1,800"
オ,40,鈴木　昂平,内野手,1991/06/20,25,1,175,77,B,右右,東京,800
オ,42,ブランコ,内野手,1980/11/10,35,8,188,102,A,右右,ドミニカ共和国,"25,000"
オ,43,坂寄　晴一,投手,1990/04/05,26,2,180,73,B,左左,茨城,850
オ,44,クラーク,内野手,1986/12/10,29,2,196,103,AB,右左,アメリカ,"3,000"
オ,45,齋藤　俊雄,捕手,1983/12/23,32,12,180,85,A,右右,愛知,980
オ,46,川端　崇義,外野手,1985/02/04,31,5,176,80,B,右右,静岡,"2,200"
オ,47,海田　智行,投手,1987/09/02,28,5,179,82,B,左左,広島,"2,500"
オ,48,齋藤　綱記,投手,1996/12/18,19,2,181,83,O,左左,北海道,500
オ,49,白仁田　寛和,投手,1985/10/02,30,9,188,86,B,右右,福岡,"1,650"
オ,50,小田　裕也,外野手,1989/11/04,26,2,172,75,O,右左,熊本,"1,300"
オ,52,コーディエ,投手,1986/02/25,30,1,191,100,不明,右右,アメリカ,"9,700"
オ,53,吉田　雄人,外野手,1995/04/21,21,3,178,78,B,右左,北海道,500
オ,54,堤　裕貴,内野手,1993/09/21,22,5,173,74,B,右左,佐賀,650
オ,55,Ｔ－岡田,外野手,1988/02/09,28,11,186,98,B,左左,大阪,"6,400"
オ,56,武田　健吾,外野手,1994/04/18,22,4,183,80,O,右右,福岡,650
オ,57,山田　修義,投手,1991/09/19,24,7,184,85,B,左左,福井,600
オ,58,角屋　龍太,投手,1990/10/18,25,1,175,73,A,右右,岐阜,700
オ,59,塚原　頌平,投手,1992/07/08,23,6,184,87,O,右左,茨城,"1,700"
オ,60,赤間　謙,投手,1990/11/14,25,1,180,80,AB,右右,福島,700
オ,61,奥浪　鏡,内野手,1995/08/29,20,3,176,100,A,右右,広島,500
オ,62,山崎　勝己,捕手,1982/08/16,33,16,180,83,O,右右,兵庫,"3,400"
オ,63,中村　一生,外野手,1982/04/02,34,12,186,85,AB,右右,東京,"1,500"
オ,64,森本　将太,投手,1992/05/25,24,4,173,70,A,右右,福井,710
オ,65,近藤　一樹,投手,1983/07/08,32,15,183,80,A,右右,神奈川,"1,200"
オ,66,吉田　凌,投手,1997/06/20,19,1,181,71,A,右右,兵庫,500
オ,67,佐藤　世那,投手,1997/06/02,19,1,181,86,B,右右,宮城,500
オ,68,鈴木　優,投手,1997/02/05,19,2,181,79,B,右右,愛知,490
オ,69,大山　暁史,投手,1988/10/06,27,3,168,74,A,左左,大分,590
オ,97,田中　大輔,捕手,1984/12/18,31,10,175,83,O,右右,広島,650
オ,98,大田　阿斗里,投手,1989/08/12,26,9,190,95,A,右右,沖縄,400
オ,99,杉本　裕太郎,外野手,1991/04/05,25,1,190,92,B,右右,徳島,600
オ,120,塚田　貴之,投手,1993/09/26,22,1,184,82,B,左左,茨城,250
オ,121,赤松　幸輔,捕手,1992/06/05,24,1,188,113,B,右右,愛媛,250
オ,124,園部　聡,内野手,1995/11/10,20,3,184,94,O,右右,福島,450
オ,125,戸田　亮,投手,1988/09/04,27,4,183,80,O,右右,東京,540
